index	family	c	k	pattern	selector	bound	H	exterior_rows
0	E8	9	0	A	13245	1	15,16,17,18,19,20,21,22,23	32
1	E8	9	1	H	13246	1	2,15,16,17,18,19,20,21,22	32
2	E8	9	1	A	13247	1	2,15,16,17,18,19,20,21,22	32
3	E8	9	2	H	13248	1	2,3,15,16,17,18,19,20,21	32
4	E8	9	2	A	13249	1	2,3,15,16,17,18,19,20,21	32
5	E8	9	3	H	13250	1	2,3,4,15,16,17,18,19,20	32
6	E8	9	3	A	13251	1	2,3,4,15,16,17,18,19,20	32
7	E8	9	4	H	13252	1	2,3,4,5,15,16,17,18,19	32
8	E8	9	4	A	13253	1	2,3,4,5,15,16,17,18,19	32
9	E8	9	5	H	13254	1	2,3,4,5,6,15,16,17,18	32
10	E8	9	5	A	13255	1	2,3,4,5,6,15,16,17,18	32
11	E8	9	6	H	13256	1	2,3,4,5,6,7,15,16,17	32
12	E8	10	0	A	13257	2	15,16,17,18,19,20,21,22,23,24	31
13	E8	10	1	H	13258	2	2,15,16,17,18,19,20,21,22,23	31
14	E8	10	1	A	13259	2	2,15,16,17,18,19,20,21,22,23	31
15	E8	10	2	H	13260	2	2,3,15,16,17,18,19,20,21,22	31
16	E8	10	2	A	13261	2	2,3,15,16,17,18,19,20,21,22	31
17	E8	10	3	H	13262	2	2,3,4,15,16,17,18,19,20,21	31
18	E8	10	3	A	13263	2	2,3,4,15,16,17,18,19,20,21	31
19	E8	10	4	H	13264	2	2,3,4,5,15,16,17,18,19,20	31
20	E8	10	4	A	13265	2	2,3,4,5,15,16,17,18,19,20	31
21	E8	10	5	H	13266	2	2,3,4,5,6,15,16,17,18,19	31
22	E8	10	5	A	13267	2	2,3,4,5,6,15,16,17,18,19	31
23	E8	10	6	H	13268	2	2,3,4,5,6,7,15,16,17,18	31
24	E8	11	0	A	13269	3	15,16,17,18,19,20,21,22,23,24,25	30
25	E8	11	1	H	13270	3	2,15,16,17,18,19,20,21,22,23,24	30
26	E8	11	1	A	13271	3	2,15,16,17,18,19,20,21,22,23,24	30
27	E8	11	2	H	13272	3	2,3,15,16,17,18,19,20,21,22,23	30
28	E8	11	2	A	13273	3	2,3,15,16,17,18,19,20,21,22,23	30
29	E8	11	3	H	13274	3	2,3,4,15,16,17,18,19,20,21,22	30
30	E8	11	3	A	13275	3	2,3,4,15,16,17,18,19,20,21,22	30
31	E8	11	4	H	13276	3	2,3,4,5,15,16,17,18,19,20,21	30
32	E8	11	4	A	13277	3	2,3,4,5,15,16,17,18,19,20,21	30
33	E8	11	5	H	13278	3	2,3,4,5,6,15,16,17,18,19,20	30
34	E8	11	5	A	13279	3	2,3,4,5,6,15,16,17,18,19,20	30
35	E8	11	6	H	13280	3	2,3,4,5,6,7,15,16,17,18,19	30
36	E8	12	0	A	13281	4	15,16,17,18,19,20,21,22,23,24,25,26	29
37	E8	12	1	H	13282	4	2,15,16,17,18,19,20,21,22,23,24,25	29
38	E8	12	1	A	13283	4	2,15,16,17,18,19,20,21,22,23,24,25	29
39	E8	12	2	H	13284	4	2,3,15,16,17,18,19,20,21,22,23,24	29
40	E8	12	2	A	13285	4	2,3,15,16,17,18,19,20,21,22,23,24	29
41	E8	12	3	H	13286	4	2,3,4,15,16,17,18,19,20,21,22,23	29
42	E8	12	3	A	13287	4	2,3,4,15,16,17,18,19,20,21,22,23	29
43	E8	12	4	H	13288	4	2,3,4,5,15,16,17,18,19,20,21,22	29
44	E8	12	4	A	13289	4	2,3,4,5,15,16,17,18,19,20,21,22	29
45	E8	12	5	H	13290	4	2,3,4,5,6,15,16,17,18,19,20,21	29
46	E8	12	5	A	13291	4	2,3,4,5,6,15,16,17,18,19,20,21	29
47	E8	12	6	H	13292	4	2,3,4,5,6,7,15,16,17,18,19,20	29
48	E8	13	0	A	13293	5	15,16,17,18,19,20,21,22,23,24,25,26,27	28
49	E8	13	1	H	13294	5	2,15,16,17,18,19,20,21,22,23,24,25,26	28
50	E8	13	1	A	13295	5	2,15,16,17,18,19,20,21,22,23,24,25,26	28
51	E8	13	2	H	13296	5	2,3,15,16,17,18,19,20,21,22,23,24,25	28
52	E8	13	2	A	13297	5	2,3,15,16,17,18,19,20,21,22,23,24,25	28
53	E8	13	3	H	13298	5	2,3,4,15,16,17,18,19,20,21,22,23,24	28
54	E8	13	3	A	13299	5	2,3,4,15,16,17,18,19,20,21,22,23,24	28
55	E8	13	4	H	13300	5	2,3,4,5,15,16,17,18,19,20,21,22,23	28
56	E8	13	4	A	13301	5	2,3,4,5,15,16,17,18,19,20,21,22,23	28
57	E8	13	5	H	13302	5	2,3,4,5,6,15,16,17,18,19,20,21,22	28
58	E8	13	5	A	13303	5	2,3,4,5,6,15,16,17,18,19,20,21,22	28
59	E8	13	6	H	13304	5	2,3,4,5,6,7,15,16,17,18,19,20,21	28
60	E77	9	0	BB	13305	1	15,16,17,18,19,20,21,22,23	32
61	E77	9	0	BO	13306	1	15,16,17,18,19,20,21,22,23	32
62	E77	9	1	BB	13307	1	2,15,16,17,18,19,20,21,22	32
63	E77	9	1	BO	13308	1	2,15,16,17,18,19,20,21,22	32
64	E77	9	1	OO	13309	1	2,15,16,17,18,19,20,21,22	32
65	E77	9	2	BB	13310	1	2,3,15,16,17,18,19,20,21	32
66	E77	9	2	BO	13311	1	2,3,15,16,17,18,19,20,21	32
67	E77	9	2	OO	13312	1	2,3,15,16,17,18,19,20,21	32
68	E77	9	3	BB	13313	1	2,3,4,15,16,17,18,19,20	32
69	E77	9	3	BO	13314	1	2,3,4,15,16,17,18,19,20	32
70	E77	9	3	OO	13315	1	2,3,4,15,16,17,18,19,20	32
71	E77	9	4	BB	13316	1	2,3,4,5,15,16,17,18,19	32
72	E77	9	4	BO	13317	1	2,3,4,5,15,16,17,18,19	32
73	E77	9	4	OO	13318	1	2,3,4,5,15,16,17,18,19	32
74	E77	9	5	BO	13319	1	2,3,4,5,6,15,16,17,18	32
75	E77	9	5	OO	13320	1	2,3,4,5,6,15,16,17,18	32
76	E77	9	6	OO	13321	1	2,3,4,5,6,7,15,16,17	32
77	E77	10	0	BB	13322	2	15,16,17,18,19,20,21,22,23,24	31
78	E77	10	0	BO	13323	2	15,16,17,18,19,20,21,22,23,24	31
79	E77	10	1	BB	13324	2	2,15,16,17,18,19,20,21,22,23	31
80	E77	10	1	BO	13325	2	2,15,16,17,18,19,20,21,22,23	31
81	E77	10	1	OO	13326	2	2,15,16,17,18,19,20,21,22,23	31
82	E77	10	2	BB	13327	2	2,3,15,16,17,18,19,20,21,22	31
83	E77	10	2	BO	13328	2	2,3,15,16,17,18,19,20,21,22	31
84	E77	10	2	OO	13329	2	2,3,15,16,17,18,19,20,21,22	31
85	E77	10	3	BB	13330	2	2,3,4,15,16,17,18,19,20,21	31
86	E77	10	3	BO	13331	2	2,3,4,15,16,17,18,19,20,21	31
87	E77	10	3	OO	13332	2	2,3,4,15,16,17,18,19,20,21	31
88	E77	10	4	BB	13333	2	2,3,4,5,15,16,17,18,19,20	31
89	E77	10	4	BO	13334	2	2,3,4,5,15,16,17,18,19,20	31
90	E77	10	4	OO	13335	2	2,3,4,5,15,16,17,18,19,20	31
91	E77	10	5	BO	13336	2	2,3,4,5,6,15,16,17,18,19	31
92	E77	10	5	OO	13337	2	2,3,4,5,6,15,16,17,18,19	31
93	E77	10	6	OO	13338	2	2,3,4,5,6,7,15,16,17,18	31
94	E77	11	0	BB	13339	3	15,16,17,18,19,20,21,22,23,24,25	30
95	E77	11	0	BO	13340	3	15,16,17,18,19,20,21,22,23,24,25	30
96	E77	11	1	BB	13341	3	2,15,16,17,18,19,20,21,22,23,24	30
97	E77	11	1	BO	13342	3	2,15,16,17,18,19,20,21,22,23,24	30
98	E77	11	1	OO	13343	3	2,15,16,17,18,19,20,21,22,23,24	30
99	E77	11	2	BB	13344	3	2,3,15,16,17,18,19,20,21,22,23	30
100	E77	11	2	BO	13345	3	2,3,15,16,17,18,19,20,21,22,23	30
101	E77	11	2	OO	13346	3	2,3,15,16,17,18,19,20,21,22,23	30
102	E77	11	3	BB	13347	3	2,3,4,15,16,17,18,19,20,21,22	30
103	E77	11	3	BO	13348	3	2,3,4,15,16,17,18,19,20,21,22	30
104	E77	11	3	OO	13349	3	2,3,4,15,16,17,18,19,20,21,22	30
105	E77	11	4	BB	13350	3	2,3,4,5,15,16,17,18,19,20,21	30
106	E77	11	4	BO	13351	3	2,3,4,5,15,16,17,18,19,20,21	30
107	E77	11	4	OO	13352	3	2,3,4,5,15,16,17,18,19,20,21	30
108	E77	11	5	BO	13353	3	2,3,4,5,6,15,16,17,18,19,20	30
109	E77	11	5	OO	13354	3	2,3,4,5,6,15,16,17,18,19,20	30
110	E77	11	6	OO	13355	3	2,3,4,5,6,7,15,16,17,18,19	30
111	E77	12	0	BB	13356	4	15,16,17,18,19,20,21,22,23,24,25,26	29
112	E77	12	0	BO	13357	4	15,16,17,18,19,20,21,22,23,24,25,26	29
113	E77	12	1	BB	13358	4	2,15,16,17,18,19,20,21,22,23,24,25	29
114	E77	12	1	BO	13359	4	2,15,16,17,18,19,20,21,22,23,24,25	29
115	E77	12	1	OO	13360	4	2,15,16,17,18,19,20,21,22,23,24,25	29
116	E77	12	2	BB	13361	4	2,3,15,16,17,18,19,20,21,22,23,24	29
117	E77	12	2	BO	13362	4	2,3,15,16,17,18,19,20,21,22,23,24	29
118	E77	12	2	OO	13363	4	2,3,15,16,17,18,19,20,21,22,23,24	29
119	E77	12	3	BB	13364	4	2,3,4,15,16,17,18,19,20,21,22,23	29
120	E77	12	3	BO	13365	4	2,3,4,15,16,17,18,19,20,21,22,23	29
121	E77	12	3	OO	13366	4	2,3,4,15,16,17,18,19,20,21,22,23	29
122	E77	12	4	BB	13367	4	2,3,4,5,15,16,17,18,19,20,21,22	29
123	E77	12	4	BO	13368	4	2,3,4,5,15,16,17,18,19,20,21,22	29
124	E77	12	4	OO	13369	4	2,3,4,5,15,16,17,18,19,20,21,22	29
125	E77	12	5	BO	13370	4	2,3,4,5,6,15,16,17,18,19,20,21	29
126	E77	12	5	OO	13371	4	2,3,4,5,6,15,16,17,18,19,20,21	29
127	E77	12	6	OO	13372	4	2,3,4,5,6,7,15,16,17,18,19,20	29
128	E77	13	0	BB	13373	5	15,16,17,18,19,20,21,22,23,24,25,26,27	28
129	E77	13	0	BO	13374	5	15,16,17,18,19,20,21,22,23,24,25,26,27	28
130	E77	13	1	BB	13375	5	2,15,16,17,18,19,20,21,22,23,24,25,26	28
131	E77	13	1	BO	13376	5	2,15,16,17,18,19,20,21,22,23,24,25,26	28
132	E77	13	1	OO	13377	5	2,15,16,17,18,19,20,21,22,23,24,25,26	28
133	E77	13	2	BB	13378	5	2,3,15,16,17,18,19,20,21,22,23,24,25	28
134	E77	13	2	BO	13379	5	2,3,15,16,17,18,19,20,21,22,23,24,25	28
135	E77	13	2	OO	13380	5	2,3,15,16,17,18,19,20,21,22,23,24,25	28
136	E77	13	3	BB	13381	5	2,3,4,15,16,17,18,19,20,21,22,23,24	28
137	E77	13	3	BO	13382	5	2,3,4,15,16,17,18,19,20,21,22,23,24	28
138	E77	13	3	OO	13383	5	2,3,4,15,16,17,18,19,20,21,22,23,24	28
139	E77	13	4	BB	13384	5	2,3,4,5,15,16,17,18,19,20,21,22,23	28
140	E77	13	4	BO	13385	5	2,3,4,5,15,16,17,18,19,20,21,22,23	28
141	E77	13	4	OO	13386	5	2,3,4,5,15,16,17,18,19,20,21,22,23	28
142	E77	13	5	BO	13387	5	2,3,4,5,6,15,16,17,18,19,20,21,22	28
143	E77	13	5	OO	13388	5	2,3,4,5,6,15,16,17,18,19,20,21,22	28
144	E77	13	6	OO	13389	5	2,3,4,5,6,7,15,16,17,18,19,20,21	28
145	C8	9	0	B	13390	1	15,16,17,18,19,20,21,22,23	32
146	C8	9	0	O	13391	1	15,16,17,18,19,20,21,22,23	32
147	C8	9	1	B	13392	1	2,15,16,17,18,19,20,21,22	32
148	C8	9	1	O	13393	1	2,15,16,17,18,19,20,21,22	32
149	C8	9	2	B	13394	1	2,3,15,16,17,18,19,20,21	32
150	C8	9	2	O	13395	1	2,3,15,16,17,18,19,20,21	32
151	C8	9	3	B	13396	1	2,3,4,15,16,17,18,19,20	32
152	C8	9	3	O	13397	1	2,3,4,15,16,17,18,19,20	32
153	C8	9	4	B	13398	1	2,3,4,5,15,16,17,18,19	32
154	C8	9	4	O	13399	1	2,3,4,5,15,16,17,18,19	32
155	C8	9	5	B	13400	1	2,3,4,5,6,15,16,17,18	32
156	C8	9	5	O	13401	1	2,3,4,5,6,15,16,17,18	32
157	C8	9	6	B	13402	1	2,3,4,5,6,7,15,16,17	32
158	C8	9	6	O	13403	1	2,3,4,5,6,7,15,16,17	32
159	C8	10	0	B	13404	2	15,16,17,18,19,20,21,22,23,24	31
160	C8	10	0	O	13405	2	15,16,17,18,19,20,21,22,23,24	31
161	C8	10	1	B	13406	2	2,15,16,17,18,19,20,21,22,23	31
162	C8	10	1	O	13407	2	2,15,16,17,18,19,20,21,22,23	31
163	C8	10	2	B	13408	2	2,3,15,16,17,18,19,20,21,22	31
164	C8	10	2	O	13409	2	2,3,15,16,17,18,19,20,21,22	31
165	C8	10	3	B	13410	2	2,3,4,15,16,17,18,19,20,21	31
166	C8	10	3	O	13411	2	2,3,4,15,16,17,18,19,20,21	31
167	C8	10	4	B	13412	2	2,3,4,5,15,16,17,18,19,20	31
168	C8	10	4	O	13413	2	2,3,4,5,15,16,17,18,19,20	31
169	C8	10	5	B	13414	2	2,3,4,5,6,15,16,17,18,19	31
170	C8	10	5	O	13415	2	2,3,4,5,6,15,16,17,18,19	31
171	C8	10	6	B	13416	2	2,3,4,5,6,7,15,16,17,18	31
172	C8	10	6	O	13417	2	2,3,4,5,6,7,15,16,17,18	31
173	C8	11	0	B	13418	3	15,16,17,18,19,20,21,22,23,24,25	30
174	C8	11	0	O	13419	3	15,16,17,18,19,20,21,22,23,24,25	30
175	C8	11	1	B	13420	3	2,15,16,17,18,19,20,21,22,23,24	30
176	C8	11	1	O	13421	3	2,15,16,17,18,19,20,21,22,23,24	30
177	C8	11	2	B	13422	3	2,3,15,16,17,18,19,20,21,22,23	30
178	C8	11	2	O	13423	3	2,3,15,16,17,18,19,20,21,22,23	30
179	C8	11	3	B	13424	3	2,3,4,15,16,17,18,19,20,21,22	30
180	C8	11	3	O	13425	3	2,3,4,15,16,17,18,19,20,21,22	30
181	C8	11	4	B	13426	3	2,3,4,5,15,16,17,18,19,20,21	30
182	C8	11	4	O	13427	3	2,3,4,5,15,16,17,18,19,20,21	30
183	C8	11	5	B	13428	3	2,3,4,5,6,15,16,17,18,19,20	30
184	C8	11	5	O	13429	3	2,3,4,5,6,15,16,17,18,19,20	30
185	C8	11	6	B	13430	3	2,3,4,5,6,7,15,16,17,18,19	30
186	C8	11	6	O	13431	3	2,3,4,5,6,7,15,16,17,18,19	30
187	C8	12	0	B	13432	4	15,16,17,18,19,20,21,22,23,24,25,26	29
188	C8	12	0	O	13433	4	15,16,17,18,19,20,21,22,23,24,25,26	29
189	C8	12	1	B	13434	4	2,15,16,17,18,19,20,21,22,23,24,25	29
190	C8	12	1	O	13435	4	2,15,16,17,18,19,20,21,22,23,24,25	29
191	C8	12	2	B	13436	4	2,3,15,16,17,18,19,20,21,22,23,24	29
192	C8	12	2	O	13437	4	2,3,15,16,17,18,19,20,21,22,23,24	29
193	C8	12	3	B	13438	4	2,3,4,15,16,17,18,19,20,21,22,23	29
194	C8	12	3	O	13439	4	2,3,4,15,16,17,18,19,20,21,22,23	29
195	C8	12	4	B	13440	4	2,3,4,5,15,16,17,18,19,20,21,22	29
196	C8	12	4	O	13441	4	2,3,4,5,15,16,17,18,19,20,21,22	29
197	C8	12	5	B	13442	4	2,3,4,5,6,15,16,17,18,19,20,21	29
198	C8	12	5	O	13443	4	2,3,4,5,6,15,16,17,18,19,20,21	29
199	C8	12	6	B	13444	4	2,3,4,5,6,7,15,16,17,18,19,20	29
200	C8	12	6	O	13445	4	2,3,4,5,6,7,15,16,17,18,19,20	29
201	C8	13	0	B	13446	5	15,16,17,18,19,20,21,22,23,24,25,26,27	28
202	C8	13	0	O	13447	5	15,16,17,18,19,20,21,22,23,24,25,26,27	28
203	C8	13	1	B	13448	5	2,15,16,17,18,19,20,21,22,23,24,25,26	28
204	C8	13	1	O	13449	5	2,15,16,17,18,19,20,21,22,23,24,25,26	28
205	C8	13	2	B	13450	5	2,3,15,16,17,18,19,20,21,22,23,24,25	28
206	C8	13	2	O	13451	5	2,3,15,16,17,18,19,20,21,22,23,24,25	28
207	C8	13	3	B	13452	5	2,3,4,15,16,17,18,19,20,21,22,23,24	28
208	C8	13	3	O	13453	5	2,3,4,15,16,17,18,19,20,21,22,23,24	28
209	C8	13	4	B	13454	5	2,3,4,5,15,16,17,18,19,20,21,22,23	28
210	C8	13	4	O	13455	5	2,3,4,5,15,16,17,18,19,20,21,22,23	28
211	C8	13	5	B	13456	5	2,3,4,5,6,15,16,17,18,19,20,21,22	28
212	C8	13	5	O	13457	5	2,3,4,5,6,15,16,17,18,19,20,21,22	28
213	C8	13	6	B	13458	5	2,3,4,5,6,7,15,16,17,18,19,20,21	28
214	C8	13	6	O	13459	5	2,3,4,5,6,7,15,16,17,18,19,20,21	28
215	C77	9	0	BB	13460	1	15,16,17,18,19,20,21,22,23	32
216	C77	9	0	BO	13461	1	15,16,17,18,19,20,21,22,23	32
217	C77	9	0	OO	13462	1	15,16,17,18,19,20,21,22,23	32
218	C77	9	1	BB	13463	1	2,15,16,17,18,19,20,21,22	32
219	C77	9	1	BO	13464	1	2,15,16,17,18,19,20,21,22	32
220	C77	9	1	OO	13465	1	2,15,16,17,18,19,20,21,22	32
221	C77	9	2	BB	13466	1	2,3,15,16,17,18,19,20,21	32
222	C77	9	2	BO	13467	1	2,3,15,16,17,18,19,20,21	32
223	C77	9	2	OO	13468	1	2,3,15,16,17,18,19,20,21	32
224	C77	9	3	BB	13469	1	2,3,4,15,16,17,18,19,20	32
225	C77	9	3	BO	13470	1	2,3,4,15,16,17,18,19,20	32
226	C77	9	3	OO	13471	1	2,3,4,15,16,17,18,19,20	32
227	C77	9	4	BB	13472	1	2,3,4,5,15,16,17,18,19	32
228	C77	9	4	BO	13473	1	2,3,4,5,15,16,17,18,19	32
229	C77	9	4	OO	13474	1	2,3,4,5,15,16,17,18,19	32
230	C77	9	5	BB	13475	1	2,3,4,5,6,15,16,17,18	32
231	C77	9	5	BO	13476	1	2,3,4,5,6,15,16,17,18	32
232	C77	9	5	OO	13477	1	2,3,4,5,6,15,16,17,18	32
233	C77	9	6	BB	13478	1	2,3,4,5,6,7,15,16,17	32
234	C77	9	6	BO	13479	1	2,3,4,5,6,7,15,16,17	32
235	C77	9	6	OO	13480	1	2,3,4,5,6,7,15,16,17	32
236	C77	10	0	BB	13481	2	15,16,17,18,19,20,21,22,23,24	31
237	C77	10	0	BO	13482	2	15,16,17,18,19,20,21,22,23,24	31
238	C77	10	0	OO	13483	2	15,16,17,18,19,20,21,22,23,24	31
239	C77	10	1	BB	13484	2	2,15,16,17,18,19,20,21,22,23	31
240	C77	10	1	BO	13485	2	2,15,16,17,18,19,20,21,22,23	31
241	C77	10	1	OO	13486	2	2,15,16,17,18,19,20,21,22,23	31
242	C77	10	2	BB	13487	2	2,3,15,16,17,18,19,20,21,22	31
243	C77	10	2	BO	13488	2	2,3,15,16,17,18,19,20,21,22	31
244	C77	10	2	OO	13489	2	2,3,15,16,17,18,19,20,21,22	31
245	C77	10	3	BB	13490	2	2,3,4,15,16,17,18,19,20,21	31
246	C77	10	3	BO	13491	2	2,3,4,15,16,17,18,19,20,21	31
247	C77	10	3	OO	13492	2	2,3,4,15,16,17,18,19,20,21	31
248	C77	10	4	BB	13493	2	2,3,4,5,15,16,17,18,19,20	31
249	C77	10	4	BO	13494	2	2,3,4,5,15,16,17,18,19,20	31
250	C77	10	4	OO	13495	2	2,3,4,5,15,16,17,18,19,20	31
251	C77	10	5	BB	13496	2	2,3,4,5,6,15,16,17,18,19	31
252	C77	10	5	BO	13497	2	2,3,4,5,6,15,16,17,18,19	31
253	C77	10	5	OO	13498	2	2,3,4,5,6,15,16,17,18,19	31
254	C77	10	6	BB	13499	2	2,3,4,5,6,7,15,16,17,18	31
255	C77	10	6	BO	13500	2	2,3,4,5,6,7,15,16,17,18	31
256	C77	10	6	OO	13501	2	2,3,4,5,6,7,15,16,17,18	31
257	C77	11	0	BB	13502	3	15,16,17,18,19,20,21,22,23,24,25	30
258	C77	11	0	BO	13503	3	15,16,17,18,19,20,21,22,23,24,25	30
259	C77	11	0	OO	13504	3	15,16,17,18,19,20,21,22,23,24,25	30
260	C77	11	1	BB	13505	3	2,15,16,17,18,19,20,21,22,23,24	30
261	C77	11	1	BO	13506	3	2,15,16,17,18,19,20,21,22,23,24	30
262	C77	11	1	OO	13507	3	2,15,16,17,18,19,20,21,22,23,24	30
263	C77	11	2	BB	13508	3	2,3,15,16,17,18,19,20,21,22,23	30
264	C77	11	2	BO	13509	3	2,3,15,16,17,18,19,20,21,22,23	30
265	C77	11	2	OO	13510	3	2,3,15,16,17,18,19,20,21,22,23	30
266	C77	11	3	BB	13511	3	2,3,4,15,16,17,18,19,20,21,22	30
267	C77	11	3	BO	13512	3	2,3,4,15,16,17,18,19,20,21,22	30
268	C77	11	3	OO	13513	3	2,3,4,15,16,17,18,19,20,21,22	30
269	C77	11	4	BB	13514	3	2,3,4,5,15,16,17,18,19,20,21	30
270	C77	11	4	BO	13515	3	2,3,4,5,15,16,17,18,19,20,21	30
271	C77	11	4	OO	13516	3	2,3,4,5,15,16,17,18,19,20,21	30
272	C77	11	5	BB	13517	3	2,3,4,5,6,15,16,17,18,19,20	30
273	C77	11	5	BO	13518	3	2,3,4,5,6,15,16,17,18,19,20	30
274	C77	11	5	OO	13519	3	2,3,4,5,6,15,16,17,18,19,20	30
275	C77	11	6	BB	13520	3	2,3,4,5,6,7,15,16,17,18,19	30
276	C77	11	6	BO	13521	3	2,3,4,5,6,7,15,16,17,18,19	30
277	C77	11	6	OO	13522	3	2,3,4,5,6,7,15,16,17,18,19	30
278	C77	12	0	BB	13523	4	15,16,17,18,19,20,21,22,23,24,25,26	29
279	C77	12	0	BO	13524	4	15,16,17,18,19,20,21,22,23,24,25,26	29
280	C77	12	0	OO	13525	4	15,16,17,18,19,20,21,22,23,24,25,26	29
281	C77	12	1	BB	13526	4	2,15,16,17,18,19,20,21,22,23,24,25	29
282	C77	12	1	BO	13527	4	2,15,16,17,18,19,20,21,22,23,24,25	29
283	C77	12	1	OO	13528	4	2,15,16,17,18,19,20,21,22,23,24,25	29
284	C77	12	2	BB	13529	4	2,3,15,16,17,18,19,20,21,22,23,24	29
285	C77	12	2	BO	13530	4	2,3,15,16,17,18,19,20,21,22,23,24	29
286	C77	12	2	OO	13531	4	2,3,15,16,17,18,19,20,21,22,23,24	29
287	C77	12	3	BB	13532	4	2,3,4,15,16,17,18,19,20,21,22,23	29
288	C77	12	3	BO	13533	4	2,3,4,15,16,17,18,19,20,21,22,23	29
289	C77	12	3	OO	13534	4	2,3,4,15,16,17,18,19,20,21,22,23	29
290	C77	12	4	BB	13535	4	2,3,4,5,15,16,17,18,19,20,21,22	29
291	C77	12	4	BO	13536	4	2,3,4,5,15,16,17,18,19,20,21,22	29
292	C77	12	4	OO	13537	4	2,3,4,5,15,16,17,18,19,20,21,22	29
293	C77	12	5	BB	13538	4	2,3,4,5,6,15,16,17,18,19,20,21	29
294	C77	12	5	BO	13539	4	2,3,4,5,6,15,16,17,18,19,20,21	29
295	C77	12	5	OO	13540	4	2,3,4,5,6,15,16,17,18,19,20,21	29
296	C77	12	6	BB	13541	4	2,3,4,5,6,7,15,16,17,18,19,20	29
297	C77	12	6	BO	13542	4	2,3,4,5,6,7,15,16,17,18,19,20	29
298	C77	12	6	OO	13543	4	2,3,4,5,6,7,15,16,17,18,19,20	29
299	C77	13	0	BO	13544	5	15,16,17,18,19,20,21,22,23,24,25,26,27	28
300	C77	13	0	OO	13545	5	15,16,17,18,19,20,21,22,23,24,25,26,27	28
301	C77	13	1	BB	13546	5	2,15,16,17,18,19,20,21,22,23,24,25,26	28
302	C77	13	1	BO	13547	5	2,15,16,17,18,19,20,21,22,23,24,25,26	28
303	C77	13	1	OO	13548	5	2,15,16,17,18,19,20,21,22,23,24,25,26	28
304	C77	13	2	BB	13549	5	2,3,15,16,17,18,19,20,21,22,23,24,25	28
305	C77	13	2	BO	13550	5	2,3,15,16,17,18,19,20,21,22,23,24,25	28
306	C77	13	2	OO	13551	5	2,3,15,16,17,18,19,20,21,22,23,24,25	28
307	C77	13	3	BB	13552	5	2,3,4,15,16,17,18,19,20,21,22,23,24	28
308	C77	13	3	BO	13553	5	2,3,4,15,16,17,18,19,20,21,22,23,24	28
309	C77	13	3	OO	13554	5	2,3,4,15,16,17,18,19,20,21,22,23,24	28
310	C77	13	4	BB	13555	5	2,3,4,5,15,16,17,18,19,20,21,22,23	28
311	C77	13	4	BO	13556	5	2,3,4,5,15,16,17,18,19,20,21,22,23	28
312	C77	13	4	OO	13557	5	2,3,4,5,15,16,17,18,19,20,21,22,23	28
313	C77	13	5	BB	13558	5	2,3,4,5,6,15,16,17,18,19,20,21,22	28
314	C77	13	5	BO	13559	5	2,3,4,5,6,15,16,17,18,19,20,21,22	28
315	C77	13	5	OO	13560	5	2,3,4,5,6,15,16,17,18,19,20,21,22	28
316	C77	13	6	BB	13561	5	2,3,4,5,6,7,15,16,17,18,19,20,21	28
317	C77	13	6	BO	13562	5	2,3,4,5,6,7,15,16,17,18,19,20,21	28
318	C77	13	6	OO	13563	5	2,3,4,5,6,7,15,16,17,18,19,20,21	28
319	C77partition	9	0	HO	13564	1	15,16,17,18,19,20,21,22,23	32
320	C77partition	9	0	AB	13565	1	15,16,17,18,19,20,21,22,23	32
321	C77partition	9	1	HO	13566	1	2,15,16,17,18,19,20,21,22	32
322	C77partition	9	1	AB	13567	1	2,15,16,17,18,19,20,21,22	32
323	C77partition	9	2	HO	13568	1	2,3,15,16,17,18,19,20,21	32
324	C77partition	9	2	AB	13569	1	2,3,15,16,17,18,19,20,21	32
325	C77partition	9	3	HO	13570	1	2,3,4,15,16,17,18,19,20	32
326	C77partition	9	3	AB	13571	1	2,3,4,15,16,17,18,19,20	32
327	C77partition	9	4	HO	13572	1	2,3,4,5,15,16,17,18,19	32
328	C77partition	9	4	AB	13573	1	2,3,4,5,15,16,17,18,19	32
329	C77partition	9	5	HO	13574	1	2,3,4,5,6,15,16,17,18	32
330	C77partition	9	5	AB	13575	1	2,3,4,5,6,15,16,17,18	32
331	C77partition	9	6	HO	13576	1	2,3,4,5,6,7,15,16,17	32
332	C77partition	9	6	AB	13577	1	2,3,4,5,6,7,15,16,17	32
333	C77partition	10	0	HO	13578	2	15,16,17,18,19,20,21,22,23,24	31
334	C77partition	10	0	AB	13579	2	15,16,17,18,19,20,21,22,23,24	31
335	C77partition	10	1	HO	13580	2	2,15,16,17,18,19,20,21,22,23	31
336	C77partition	10	1	AB	13581	2	2,15,16,17,18,19,20,21,22,23	31
337	C77partition	10	2	HO	13582	2	2,3,15,16,17,18,19,20,21,22	31
338	C77partition	10	2	AB	13583	2	2,3,15,16,17,18,19,20,21,22	31
339	C77partition	10	3	HO	13584	2	2,3,4,15,16,17,18,19,20,21	31
340	C77partition	10	3	AB	13585	2	2,3,4,15,16,17,18,19,20,21	31
341	C77partition	10	4	HO	13586	2	2,3,4,5,15,16,17,18,19,20	31
342	C77partition	10	4	AB	13587	2	2,3,4,5,15,16,17,18,19,20	31
343	C77partition	10	5	HO	13588	2	2,3,4,5,6,15,16,17,18,19	31
344	C77partition	10	5	AB	13589	2	2,3,4,5,6,15,16,17,18,19	31
345	C77partition	10	6	HO	13590	2	2,3,4,5,6,7,15,16,17,18	31
346	C77partition	10	6	AB	13591	2	2,3,4,5,6,7,15,16,17,18	31
347	C77partition	11	0	HO	13592	3	15,16,17,18,19,20,21,22,23,24,25	30
348	C77partition	11	0	AB	13593	3	15,16,17,18,19,20,21,22,23,24,25	30
349	C77partition	11	1	HO	13594	3	2,15,16,17,18,19,20,21,22,23,24	30
350	C77partition	11	1	AB	13595	3	2,15,16,17,18,19,20,21,22,23,24	30
351	C77partition	11	2	HO	13596	3	2,3,15,16,17,18,19,20,21,22,23	30
352	C77partition	11	2	AB	13597	3	2,3,15,16,17,18,19,20,21,22,23	30
353	C77partition	11	3	HO	13598	3	2,3,4,15,16,17,18,19,20,21,22	30
354	C77partition	11	3	AB	13599	3	2,3,4,15,16,17,18,19,20,21,22	30
355	C77partition	11	4	HO	13600	3	2,3,4,5,15,16,17,18,19,20,21	30
356	C77partition	11	4	AB	13601	3	2,3,4,5,15,16,17,18,19,20,21	30
357	C77partition	11	5	HO	13602	3	2,3,4,5,6,15,16,17,18,19,20	30
358	C77partition	11	5	AB	13603	3	2,3,4,5,6,15,16,17,18,19,20	30
359	C77partition	11	6	HO	13604	3	2,3,4,5,6,7,15,16,17,18,19	30
360	C77partition	11	6	AB	13605	3	2,3,4,5,6,7,15,16,17,18,19	30
361	C77partition	12	0	HO	13606	4	15,16,17,18,19,20,21,22,23,24,25,26	29
362	C77partition	12	0	AB	13607	4	15,16,17,18,19,20,21,22,23,24,25,26	29
363	C77partition	12	1	HO	13608	4	2,15,16,17,18,19,20,21,22,23,24,25	29
364	C77partition	12	1	AB	13609	4	2,15,16,17,18,19,20,21,22,23,24,25	29
365	C77partition	12	2	HO	13610	4	2,3,15,16,17,18,19,20,21,22,23,24	29
366	C77partition	12	2	AB	13611	4	2,3,15,16,17,18,19,20,21,22,23,24	29
367	C77partition	12	3	HO	13612	4	2,3,4,15,16,17,18,19,20,21,22,23	29
368	C77partition	12	3	AB	13613	4	2,3,4,15,16,17,18,19,20,21,22,23	29
369	C77partition	12	4	HO	13614	4	2,3,4,5,15,16,17,18,19,20,21,22	29
370	C77partition	12	4	AB	13615	4	2,3,4,5,15,16,17,18,19,20,21,22	29
371	C77partition	12	5	HO	13616	4	2,3,4,5,6,15,16,17,18,19,20,21	29
372	C77partition	12	5	AB	13617	4	2,3,4,5,6,15,16,17,18,19,20,21	29
373	C77partition	12	6	HO	13618	4	2,3,4,5,6,7,15,16,17,18,19,20	29
374	C77partition	12	6	AB	13619	4	2,3,4,5,6,7,15,16,17,18,19,20	29
375	C77partition	13	0	HO	13620	5	15,16,17,18,19,20,21,22,23,24,25,26,27	28
376	C77partition	13	0	AB	13621	5	15,16,17,18,19,20,21,22,23,24,25,26,27	28
377	C77partition	13	1	HO	13622	5	2,15,16,17,18,19,20,21,22,23,24,25,26	28
378	C77partition	13	1	AB	13623	5	2,15,16,17,18,19,20,21,22,23,24,25,26	28
379	C77partition	13	2	HO	13624	5	2,3,15,16,17,18,19,20,21,22,23,24,25	28
380	C77partition	13	2	AB	13625	5	2,3,15,16,17,18,19,20,21,22,23,24,25	28
381	C77partition	13	3	HO	13626	5	2,3,4,15,16,17,18,19,20,21,22,23,24	28
382	C77partition	13	3	AB	13627	5	2,3,4,15,16,17,18,19,20,21,22,23,24	28
383	C77partition	13	4	HO	13628	5	2,3,4,5,15,16,17,18,19,20,21,22,23	28
384	C77partition	13	4	AB	13629	5	2,3,4,5,15,16,17,18,19,20,21,22,23	28
385	C77partition	13	5	HO	13630	5	2,3,4,5,6,15,16,17,18,19,20,21,22	28
386	C77partition	13	5	AB	13631	5	2,3,4,5,6,15,16,17,18,19,20,21,22	28
387	C77partition	13	6	HO	13632	5	2,3,4,5,6,7,15,16,17,18,19,20,21	28
388	C77partition	13	6	AB	13633	5	2,3,4,5,6,7,15,16,17,18,19,20,21	28
