q	orbit	case	a_mask_hex	b_mask_hex	states_a	states_b
5	0	0	000000	004183	a885aa8a7d22500f20f20	3cad72dec70752c52252a
5	0	1	000000	004183	8f0fa5a22d70252df5f57	9c80220bca0d22625277a
5	0	2	000000	004183	f07ff827d52ffad252555	6e5d720940fdd24a2fd82
5	0	3	000000	004183	7a78572ad2f0fd2d25707	c6d7a00e6525753a082ff
5	0	4	000000	004183	577550f72f2fdd0af7a25	c37aa5dc970272425fd77
5	0	5	000000	004183	522f57f7257add0d72f28	c90aa55c3ad2004d2fa72
5	1	0	000000	004285	78f70a8582dff5225f25d	ef1725f601207a3d7ad5d
5	1	1	000000	004285	082a0df28a0df277a5225	90170ffb51822ac22a752
5	1	2	000000	004285	ff2d55f2a8522d0a77802	1de207835ea82a3d50a0d
5	1	3	000000	004285	05205dfa2d727277fa8f5	9d1aff04815270672f7a2
5	1	4	000000	004285	77d05228aa52af77f020d	1267a8f18670204a8ff25
5	1	5	000000	004285	a527afffd25072d802725	601f5da3d18058b72fda2
5	2	0	000000	004489	0727fa80da5d57dfd752f	400e582ca0e52a3a27d22
5	2	1	000000	004489	a2da2d55a8d00770f722f	102982ac0f952737225fa
5	2	2	000000	004489	7df2f82fa080d22a55725	4d5ed283f7e505cda2a02
5	2	3	000000	004489	fd22788777dd27f2a2055	edab020305bf576aa0520
5	2	4	000000	004489	8202272a788a20fa25a00	b773758e0a308d1af5252
5	2	5	000000	004489	a22add55a280f7700227f	b02985ac7f952d9022f20
5	3	0	000000	004891	552758f82af8f7d5df220	327de224a5fe0ac258052
5	3	1	000000	004891	fa5007a8a87522fd22d02	65823f0bdd23553f57da2
5	3	2	000000	004891	2027f882d252a8d72f5d7	ba506a5105dcdf15ff22f
5	3	3	000000	004891	505708a22f5f78d722f2a	b587327350a35f92d0d2a
5	3	4	000000	004891	fa820257d2a2057ff5827	6f753771da032a9578df0
5	3	5	000000	004891	5757f7a202ddad07a2f02	e58297dc50a35fc2d027a
5	4	0	000000	0050a1	50200afad22f8a7aa8050	382f56f3d872621d8d225
5	4	1	000000	0050a1	05adff22025f5a782f7d5	3ff5d6067f25621d2d887
5	4	2	000000	0050a1	2d770255f2df5afaaf050	388f59f3d272921d8d225
5	4	3	000000	0050a1	057d8f87522fa7220a52f	67f801218aff1d67a2057
5	4	4	000000	0050a1	055d2f0d22af77a7af507	6ffd532b755d309722887
5	4	5	000000	0050a1	75aa22af057dd27fa0002	375ad9217fdd926d0f807
5	5	0	000000	0060c1	f55da7287582f827dd02f	cd2f259425a0233aa2f05
5	5	1	000000	0060c1	28fd02d852d7af2572f57	905aa0342282d33aa0a02
5	5	2	000000	0060c1	222707d8a00a022a28ad8	3faadfb152d0d13250a58
5	5	3	000000	0060c1	55727528a52f7f2f0fdd7	62872063ddaa7c4fa0520
5	5	4	000000	0060c1	082022d852d7aff572a77	305aa0b482827130a0aa2
5	5	5	000000	0060c1	8a72df20f55205722af28	c0af8f1c5daad14722572
5	6	0	000003	000803	e62f55dd0fd7078a057af	33575ad02083aaddd7222
5	6	1	000003	000803	e4a2f205af25f28a0d750	49557d22fa837df22207d
5	6	2	000003	000803	cc22a82288222d757f05a	1b2aa70afdd120d005a5f
5	6	3	000003	000803	3bdf2d72d05f5a7725872	3e7f70dfa5a425fd27505
5	6	4	000003	000803	e6578fd828202a072f725	c1f57a0af701207875aa2
5	6	5	000003	000803	1107aa82f7200a2faa250	96dd2a0f72a1888082220
5	7	0	000005	000007	6517df5507f0af7da5dff	9c3d22252f7f78272dd55
5	7	1	000005	000007	1218aa05772228f02a8df	66e2af2f75870d5f2050d
5	7	2	000005	000007	1a3d2a75ddf8a77d00272	113027fa5fa5d50d28fad
5	7	3	000005	000007	179755f70fa22d7f072ad	c6350522f28a2a07d807a
5	7	4	000005	000007	171f72a575f72f87a02dd	93457272f8af702f05d5a
5	7	5	000005	000007	12125ad772f2287f078ad	c6e80f252f8ada550250f
5	8	0	000009	001009	1821aff728d87852d20a7	42a12052afd042aa02a0f
5	8	1	000009	001009	c5db27d50a7d022f720aa	6aa1202dff0d42a770d57
5	8	2	000009	001009	3a2428fa2df2f58d25750	6f0e5d2802a04dda20da7
5	8	3	000009	001009	1f240fd7ad755272a70af	4ad9570d5ffd3f2772752
5	8	4	000009	001009	cddba57072225f257f07a	902e75a0a7d240f7f577d
5	8	5	000009	001009	4da12872da202f577f02a	9d2420aa8ffd600fd2575
5	9	0	000011	000015	98f0ca0a0502a27228a0a	4a60c552f2fd2277dd2d7
5	9	1	000011	000015	1220cf7a55257fa8d7df2	104f62f7f5702582ad2ad
5	9	2	000011	000015	42a0b2d5d702d2a78a20f	cf109a52d0720aaf2d7d5
5	9	3	000011	000015	452090af2a2f5782a7f02	6240ef0d8d855a772f722
5	9	4	000011	000015	4f274f520a272a88d2d72	ba471af7f52055fdf0275
5	9	5	000011	000015	e7a0372ad8f5225f027d5	1db035fa0ada2587d8220
5	10	0	000021	002021	625f532a80827dfd5a8f0	927a06d2520adbf820022
5	10	1	000021	002021	b02289fa722f5d7d055f2	e87a21002250a38a7f52d
5	10	2	000021	002021	3a757c0aa252dda7d0f02	c2528b0da02af92d02258
5	10	3	000021	002021	e0275c5af7022a52f8728	6ff50c2da725f92077258
5	10	4	000021	002021	6d77510d0afd72f227a87	67f5762208ad830a0f0a5
5	10	5	000021	002021	1207f370df257aaa552df	4f277c00ddd7ae55d7ad2
5	11	0	000041	000049	c02dfa4a07f228a27d855	12d3ff1d7a7d55a225f07
5	11	1	000041	000049	c07afa62075272d22d8d8	12a1ffe87f7255a525f00
5	11	2	000041	000049	e5782d62a0f0d5d77f282	3503d592f5802fa2fad5d
5	11	3	000041	000049	477002ea0777d2a22d8ad	1f540fe82f7052a527fa5
5	11	4	000041	000049	6a722742dd072828082fa	6026a067ffd07a805a00a
5	11	5	000041	000049	655ff2120d58af22a770f	3801f217d85a2a2d08a82
5	12	0	000081	004081	4d50d5f427ffa28aa72d0	3d8da5290a22f7170522f
5	12	1	000081	004081	1ada502bfd2da0727d707	1570f8ac0f222532aa528
5	12	2	000081	004081	1adaaf2b828d257702200	657a8d01dffd206dff525
5	12	3	000081	004081	1d70aafb77ada22072005	15728d7c0fad206f5a727
5	12	4	000081	004081	b08aaa71d220772a5f200	657587fc5727d24dfa2f0
5	12	5	000081	004081	1adaa02b272da87072200	15728dfc0f2d8a3f5a525
5	13	0	000101	000111	4a002f7597fa0d20d2aa8	3fd03a8ac25252d5272d7
5	13	1	000101	000111	9552a0f29f7250f02d7af	6288ed0062a0d72820a72
5	13	2	000101	000111	e52d7df2e7ff7a0555280	17dfe72ae85d0d0df2557
5	13	3	000101	000111	60727f87e052d8f572a2d	150aed8067f5570fa227f
5	13	4	000101	000111	60a5d2723ff578af05a02	38a0427260d288522a8f7
5	13	5	000101	000111	328227d76288287d2d228	1a0feaf5ef5a55f0a0500
5	14	0	000201	001041	b2258a2d017f7a7d88d20	35a57a1522da3f0df2a00
5	14	1	000201	001041	e822587703f58da22ad20	4da2f2605faf1007a572d
5	14	2	000201	001041	1a7dd57281af700f2d27a	45da2ae82f821d0f05a20
5	14	3	000201	001041	60220f75a3aa828820a20	3df5286d2722b500fa785
5	14	4	000201	001041	472a282d0622af70882a0	15005ae5a8f732777fda0
5	14	5	000201	001041	3a2d587723a82d05202af	4da5d2452fafe80f28520
5	15	0	000401	000421	100a85ad8ab22f5220f78	e852d4f27f17ad20f5252
5	15	1	000401	000421	42aa20528ab020522dff8	e7f7de7a8f1075d055222
5	15	2	000401	000421	92222d577d6d7ffdf7805	ea2aab2a0510d070da0d0
5	15	3	000401	000421	4057a7da089a22202f2f7	37a2710858e0d22af50a7
5	15	4	000401	000421	3f285757adb02d227af05	477f26ffd0428d7a5a025
5	15	5	000401	000421	b2255557ffcf7d225af02	1f7a2b228d385d58da020
5	16	0	001049	000001	9d7170ea7858c28227fd2	bf55025f52f2da2a20f50
5	16	1	001049	000001	60d37238d552e57fad0af	622200057fddf2a82785a
5	16	2	001049	000001	627328c2dfa7607dddd75	e52000d22daa0805fa0aa
5	16	3	001049	000001	15a12f478f7237da20a5f	607d5af0d8a77d520722f
5	16	4	001049	000001	407375385222e57faddaf	e527200557f8f2a7708da
5	16	5	001049	000001	6f71af4ad027425f282d2	35f0d2d5578d8f2af2f55
5	17	0	001241	000001	6ad7a8470305efd22f58d	e05fa820d2a50f7222258
5	17	1	001241	000001	9f00a03a86d53da7d2722	10a52277d0f28f70da52a
5	17	2	001241	000001	60af22e5f1a842005f0aa	60288dad28d0227da0228
5	17	3	001241	000001	1f02503ad68ab7a7d7022	4faa5d7d70022a7fd7520
5	17	4	001241	000001	60a5af607e5048202fa2f	42f72af827228d8205578
5	17	5	001241	000001	6f2a2a6f5350c70d2852f	12f7f8ddd755fd820752a
37	0	0	03ffff	0bffff	ec9c364319164b369b2df	ce1636316994c63c1e23a
37	0	1	03ffff	0bffff	6e131c3c3b6199b1be725	e3c643e6131639314ea98
37	0	2	03ffff	0bffff	ec66334169e9c431e32a8	e31c3633ce1699ee4954d
37	0	3	03ffff	0bffff	961334eebb6134e3e1857	31444c3eb46be3116ea92
37	0	4	03ffff	0bffff	61eb3c3963e64b366cd05	b691c939436363c4392b2
37	0	5	03ffff	0bffff	e4663c43614e1463eeafd	e3b3466e93cce4191924d
37	1	0	07cfbf	1fffff	e16c6ba364b175c3c93dd	ee11ece39666613c3644c
37	1	1	07cfbf	1fffff	6161e3239be975ccce375	4149e96c4e6e33e34e361
37	1	2	07cfbf	1fffff	cb4b632b116175e6ce1df	993e13e1c11cee64b3469
37	1	3	07cfbf	1fffff	e11cc6a369b175b31e377	46e1ece3666be11c4b443
37	1	4	07cfbf	1fffff	13c36351669b253ebbc28	3b334169b1c14ec16b66b
37	1	5	07cfbf	1fffff	633661f1be1972cc1b17a	4c1b31ce396bc6e669c11
37	2	0	07cfdf	1fffff	993e1acb93b1271e4c607	1914c9e636c39133e366e
37	2	1	07cfdf	1fffff	c9eb6f11e4e12714396f7	11ce6193c6431e6bb36b1
37	2	2	07cfdf	1fffff	e31b1dc6e1ec571436ba7	111e49ee114e6ebbb3c41
37	2	3	07cfdf	1fffff	4e6e40cc3163276c66bad	cb1e9b66633319e4e4143
37	2	4	07cfdf	1fffff	b16b3563e4cc726e93902	4c3e66634b1c199be6343
37	2	5	07cfdf	1fffff	619b1a66e3e4071c3e3d7	164cceee114169bbbe341
37	3	0	07fdff	07ffff	1996333368b314eeb9cd5	ee16439336991633c3ed5
37	3	1	07fdff	07ffff	c3e43ce6424916ce663ad	63e9c1b119336b3c63925
37	3	2	07fdff	07ffff	66e9166b381c331ecc6a0	e9bc636ec41c61c196c22
37	3	3	07fdff	07ffff	9346c361329eb3b3e9157	4633669493ee19b113c7f
37	3	4	07fdff	07ffff	393e1e9bb56433e14b602	19b6cc1b4346b6143ee27
37	3	5	07fdff	07ffff	46ec66ce1833661ec61f7	6c16331e99cb93c196e70
37	4	0	0affff	0effff	1e3b99b91ee494317324f	bc1663616ee16c9c2e430
37	4	1	0affff	0effff	e43e96bc6641193e032e8	b666636933c31c9c5e13d
37	4	2	0affff	0effff	3494eb91c4ee3136242ea	e91366c93cc6ce63d3915
37	4	3	0affff	0effff	16e3ce1bc44e4e637b562	c36e14369c6e14c3a64b2
37	4	4	0affff	0effff	666346c66963cccc2c2e7	b331314414be1b6bae4e5
37	4	5	0affff	0effff	4633399334469eeea3d12	3196c436691e1cb3dc96f
37	5	0	0bd7bf	1fffff	463e460bc992e86ebc210	1993131b4ce116eb366e3
37	5	1	0bd7bf	1fffff	13bce35494b2e76e912e0	161eb91b3c3416e933693
37	5	2	0bd7bf	1fffff	63b1e3539eb2471e9c290	111eb16b1c99cce333696
37	5	3	0bd7bf	1fffff	4ece3379661fb291365c7	ec46eeee4c39133644466
37	5	4	0bd7bf	1fffff	64c96ba433623de1b124f	6cc31b3e139466b16bc46
37	5	5	0bd7bf	1fffff	613ee1a4c3623d394683a	394beb343ee31611199c9
37	6	0	0bd7ef	1fffff	63b6d1e134cd65b6bc81f	31e693e13eb6613bc4911
37	6	1	0bd7ef	1fffff	b4ee5b31e4b512933c292	3bce39b69416e163113e4
37	6	2	0bd7ef	1fffff	6c142391366defec4976f	4c349169b963e11e1e3ec
37	6	3	0bd7ef	1fffff	66b42394333d1fb619d6f	b6644e49b196e1331e33c
37	6	4	0bd7ef	1fffff	66b42394333d1fb619d6f	b6644e49b496e1331e33c
37	6	5	0bd7ef	1fffff	16b32be13b6d1063e9860	3c34e94e6e9bc11e166c4
37	7	0	0dbfff	0fbfff	be9636ec41b3348912e90	e41e3e13ce19b6f461167
37	7	1	0dbfff	0fbfff	3c6e4e3c96e696d3c0462	66cc16333be94c2e11b65
37	7	2	0dbfff	0fbfff	6cce63644c3c16a1bde62	b1e911cc36ec4e2b11b65
37	7	3	0dbfff	0fbfff	e1ee43913994cb2367367	96c46113e4b361a63ceb0
37	7	4	0dbfff	0fbfff	e6cb146e13364e7465cef	43163e1169b3be794e438
37	7	5	0dbfff	0fbfff	16be63c13b461b261fe4d	41c9c1e3e394be2b11b65
37	8	0	0ddbbf	1fffff	9bc4332b91761fb39de15	336169c3c3611c6b19ee6
37	8	1	0ddbbf	1fffff	96c333819b716f13ede65	3c13633669b1ec49361e9
37	8	2	0ddbbf	1fffff	313eeb21b3d995b347e15	193396c63e9cc9ee14631
37	8	3	0ddbbf	1fffff	643b1b21e3d96ab317b10	196366133eccc96e4463b
37	8	4	0ddbbf	1fffff	1e96b6f49b7612334d31f	3b31631bceb1169436b49
37	8	5	0ddbbf	1fffff	9336e17c6c5e67ce351e7	3e6c14b39169b1e911bc3
37	9	0	0ddbf7	1fffff	64b7c1bc14d315b9e2e6f	bb19be111b11633b116e3
37	9	1	0ddbf7	1fffff	3132339b640e1db69a39d	6bbbeec34bb1111161631
37	9	2	0ddbf7	1fffff	c3354c61ce7b181eea662	e13319e36b4491cb191ee
37	9	3	0ddbf7	1fffff	3132339b640e12b69a398	b11bebc3e411e6b364641
37	9	4	0ddbf7	1fffff	c46763c431fb12e69a392	16bbbb1344b1116b1ee43
37	9	5	0ddbf7	1fffff	13179e63b3a16de3b0197	1931ee1c14bbce9933646
37	10	0	0dfeff	0dffff	c13696395b6e3ce94d34f	3ceec64439661163bde12
37	10	1	0dfeff	0dffff	133b43b6deb6e149c51e2	933e1ec641363b41ea942
37	10	2	0dfeff	0dffff	1114943ea66eecb335ce7	696416c313cec1e9bde17
37	10	3	0dfeff	0dffff	6b9319368e3616b3c036d	6c1b64b1c316c6611fbb2
37	10	4	0dfeff	0dffff	136c64b37b36116e189ef	3c9399b1364614e3b5e37
37	10	5	0dfeff	0dffff	13e31e6681ecc346e764a	cb3619694c1c16e3bf16d
37	11	0	0eefff	0fefff	363be9c199e4d331244ba	ec469e34693e23e131935
37	11	1	0eefff	0fefff	1b3e6336e9e38b1429190	b39116c1639e26336cc4a
37	11	2	0eefff	0fefff	1bce6366694ed91e0b330	b3ec14916e9c269363c1d
37	11	3	0eefff	0fefff	66131344c6c6db6cae3b2	64e93b61ceb383e316145
37	11	4	0eefff	0fefff	3636363e63e45e198bcc5	b34b9414eb4e241c63e62
37	11	5	0eefff	0fefff	b43e936136942c9e2361f	149931636c3e2c6c96cca
37	12	0	0f7bff	0ffbff	939931c6e45416cfeb3e7	3411eeeb4ede341b64162
37	12	1	0f7bff	0ffbff	4ce1666bc1f6bc6d1e360	9431eb31e6db41136ce67
37	12	2	0f7bff	0ffbff	16333b6c9e891e6041e6f	b1cc96bb61d1191e1b332
37	12	3	0f7bff	0ffbff	93933166e45416cfeb3e7	3411eeeb4e7b341b64192
37	12	4	0f7bff	0ffbff	e66e4b641b0e1c68e4332	34c36b4e3c76169c6619f
37	12	5	0f7bff	0ffbff	931e3b1e4429b63a1363d	341c9ee94ede31c46466f
37	13	0	0f7f7f	0f7fff	11399ec061b63e479b6cf	336b61913e61433d9e39d
37	13	1	0f7f7f	0f7fff	331c9462ec41b6e7ee960	61be34b3c4ee66c261c15
37	13	2	0f7f7f	0f7fff	e666b148ce141432be3ed	6e4e36144ceec6cf1191a
37	13	3	0f7f7f	0f7fff	364ec61f6633313d6b998	1141114b36e36cbf96eb7
37	13	4	0f7f7f	0f7fff	33c4b16d96e13b376b16d	344ec1e93933be4a66345
37	13	5	0f7f7f	0f7fff	1e3616c09bb46312e66cf	11ec3e96c4bc6c1766b1d
37	14	0	0fbeff	0ff7ff	34c4eb13261e9e84b1c6a	e43e46c619b21e61933e0
37	14	1	0fbeff	0ff7ff	eb33433e26199e831149a	61931c31b3629b11c36ba
37	14	2	0fbeff	0ff7ff	6c6ce43e83413eac166e5	61ee9bbc33c2191e1446d
37	14	3	0fbeff	0ff7ff	63c963be2b31e1264c44a	334b1bee6ec0661916438
37	14	4	0fbeff	0ff7ff	eb6349ec0e3166236c468	3e91bee1b1154b44b3637
37	14	5	0fbeff	0ff7ff	9ec666138331e326bc41a	e3619cb3461db411e9c3a
37	15	0	0fdfbf	0fdfff	93bc142b36614ae61ccca	e96ce116363e92633c418
37	15	1	0fdfbf	0fdfff	3943132936611ae1bcbca	ec6ce1664366321c6c6c8
37	15	2	0fdfbf	0fdfff	c3911b2eb163e836146e8	ece13149693960ec1c36a
37	15	3	0fdfbf	0fdfff	6e3c645316e46dbb3e6c0	369339646c394d36933ed
37	15	4	0fdfbf	0fdfff	6cbc96d31643bd4e63362	cc941963946e603336b3a
37	15	5	0fdfbf	0fdfff	61639451e3b630e1cbbe2	1c4e1c93e96942336ec68
37	16	0	0fffff	0dbeff	99663ce4bbb3e4411ee10	396931132319c973e5be2
37	16	1	0fffff	0dbeff	e646e3116e4c4113ebb9f	13b93163f63e64d31d698
37	16	2	0fffff	0dbeff	63be961e39c46c1e39360	e69bb3418e11135318eed
37	16	3	0fffff	0dbeff	e933666c3163e14bb44ed	e633136406e19c76c8c6a
37	16	4	0fffff	0dbeff	39c36e4e669163331bcb5	c6b396b37e4141733a91d
37	16	5	0fffff	0dbeff	e9133911646b3e1e36b4f	6b441e6386ceccd31d16a
37	17	0	0fffff	0dbfdf	99eb643b16e3e436c91c0	14e9e2636b6493d31f1c2
37	17	1	0fffff	0dbfdf	e6b34116e11e4e9c36cb7	6cee953461b33c5632e4d
37	17	2	0fffff	0dbfdf	4b19936eb3e3416cee610	ee343fe941416ed94d36d
37	17	3	0fffff	0dbfdf	9661e33c9634636ceb1c7	1119bfe463911173ba3b7
37	17	4	0fffff	0dbfdf	c6b16e33e43e696434ec5	33619f669cc91b24473e7
37	17	5	0fffff	0dbfdf	e6b461963431361ee1cbf	149eb23461b64cd6c0eed
