family	c	k	pattern	third_anchor	pool_size	buckets_after_anchor	ordering_rows	orbit_rows	labeled_rows
E8	9	0	A	15	9	EAo:5,EAa:1,EBo:6,EOo:1,CHo:8,CAo:5,CBo:5,COo:9	32	3428	24217324560
E8	9	1	H	15	8	EHa:1,EAo:5,EBo:5,EOo:2,CHo:7,CAo:6,CBo:6,COo:8	32	5160	24084672040
E8	9	1	A	15	8	EHo:1,EAo:4,EAa:1,EBo:5,EOo:2,CHo:7,CAo:6,CBo:6,COo:8	31	9096	24084672040
E8	9	2	H	15	7	EHo:1,EHa:1,EAo:4,EBo:4,EOo:3,CHo:6,CAo:7,CBo:7,COo:7	31	10542	24118499860
E8	9	2	A	15	7	EHo:2,EAo:3,EAa:1,EBo:4,EOo:3,CHo:6,CAo:7,CBo:7,COo:7	31	13264	24118499860
E8	9	3	H	15	6	EHo:2,EHa:1,EAo:3,EBo:3,EOo:4,CHo:5,CAo:8,CBo:8,COo:6	31	12127	24278254840
E8	9	3	A	15	6	EHo:3,EAo:2,EAa:1,EBo:3,EOo:4,CHo:5,CAo:8,CBo:8,COo:6	31	12327	24278254840
E8	9	4	H	15	5	EHo:3,EHa:1,EAo:2,EBo:2,EOo:5,CHo:4,CAo:9,CBo:9,COo:5	31	8682	24566267264
E8	9	4	A	15	5	EHo:4,EAo:1,EAa:1,EBo:2,EOo:5,CHo:4,CAo:9,CBo:9,COo:5	31	7255	24566267264
E8	9	5	H	15	4	EHo:4,EHa:1,EAo:1,EBo:1,EOo:6,CHo:3,CAo:10,CBo:10,COo:4	31	3760	25003900040
E8	9	5	A	15	4	EHo:5,EAa:1,EBo:1,EOo:6,CHo:3,CAo:10,CBo:10,COo:4	32	2248	25003900040
E8	9	6	H	15	3	EHo:5,EHa:1,EOo:7,CHo:2,CAo:11,CBo:11,COo:3	33	728	25647499220
E8	10	0	A	15	10	EAo:5,EAa:1,EBo:6,EOo:1,CHo:9,CAo:4,CBo:4,COo:10	32	2143	19047311712
E8	10	1	H	15	9	EHa:1,EAo:5,EBo:5,EOo:2,CHo:8,CAo:5,CBo:5,COo:9	32	3830	19159947312
E8	10	1	A	15	9	EHo:1,EAo:4,EAa:1,EBo:5,EOo:2,CHo:8,CAo:5,CBo:5,COo:9	31	6730	19159947312
E8	10	2	H	15	8	EHo:1,EHa:1,EAo:4,EBo:4,EOo:3,CHo:7,CAo:6,CBo:6,COo:8	31	8946	19298053560
E8	10	2	A	15	8	EHo:2,EAo:3,EAa:1,EBo:4,EOo:3,CHo:7,CAo:6,CBo:6,COo:8	31	10999	19298053560
E8	10	3	H	15	7	EHo:2,EHa:1,EAo:3,EBo:3,EOo:4,CHo:6,CAo:7,CBo:7,COo:7	31	11408	19472086060
E8	10	3	A	15	7	EHo:3,EAo:2,EAa:1,EBo:3,EOo:4,CHo:6,CAo:7,CBo:7,COo:7	31	11306	19472086060
E8	10	4	H	15	6	EHo:3,EHa:1,EAo:2,EBo:2,EOo:5,CHo:5,CAo:8,CBo:8,COo:6	31	8956	19693467360
E8	10	4	A	15	6	EHo:4,EAo:1,EAa:1,EBo:2,EOo:5,CHo:5,CAo:8,CBo:8,COo:6	31	7249	19693467360
E8	10	5	H	15	5	EHo:4,EHa:1,EAo:1,EBo:1,EOo:6,CHo:4,CAo:9,CBo:9,COo:5	31	4296	19976355112
E8	10	5	A	15	5	EHo:5,EAa:1,EBo:1,EOo:6,CHo:4,CAo:9,CBo:9,COo:5	32	2528	19976355112
E8	10	6	H	15	4	EHo:5,EHa:1,EOo:7,CHo:3,CAo:10,CBo:10,COo:4	33	968	20337583952
E8	11	0	A	15	11	EAo:5,EAa:1,EBo:6,EOo:1,CHo:10,CAo:3,CBo:3,COo:11	32	1096	13719497220
E8	11	1	H	15	10	EHa:1,EAo:5,EBo:5,EOo:2,CHo:9,CAo:4,CBo:4,COo:10	32	2219	14062235616
E8	11	1	A	15	10	EHo:1,EAo:4,EAa:1,EBo:5,EOo:2,CHo:9,CAo:4,CBo:4,COo:10	31	3883	14062235616
E8	11	2	H	15	9	EHo:1,EHa:1,EAo:4,EBo:4,EOo:3,CHo:8,CAo:5,CBo:5,COo:9	31	5940	14297275036
E8	11	2	A	15	9	EHo:2,EAo:3,EAa:1,EBo:4,EOo:3,CHo:8,CAo:5,CBo:5,COo:9	31	7392	14297275036
E8	11	3	H	15	8	EHo:2,EHa:1,EAo:3,EBo:3,EOo:4,CHo:7,CAo:6,CBo:6,COo:8	31	8689	14489455444
E8	11	3	A	15	8	EHo:3,EAo:2,EAa:1,EBo:3,EOo:4,CHo:7,CAo:6,CBo:6,COo:8	31	8539	14489455444
E8	11	4	H	15	7	EHo:3,EHa:1,EAo:2,EBo:2,EOo:5,CHo:6,CAo:7,CBo:7,COo:7	31	7612	14666660512
E8	11	4	A	15	7	EHo:4,EAo:1,EAa:1,EBo:2,EOo:5,CHo:6,CAo:7,CBo:7,COo:7	31	6074	14666660512
E8	11	5	H	15	6	EHo:4,EHa:1,EAo:1,EBo:1,EOo:6,CHo:5,CAo:8,CBo:8,COo:6	31	3984	14842513560
E8	11	5	A	15	6	EHo:5,EAa:1,EBo:1,EOo:6,CHo:5,CAo:8,CBo:8,COo:6	32	2284	14842513560
E8	11	6	H	15	5	EHo:5,EHa:1,EOo:7,CHo:4,CAo:9,CBo:9,COo:5	33	989	15017602082
E8	12	0	A	15	12	EAo:5,EAa:1,EBo:6,EOo:1,CHo:11,CAo:2,CBo:2,COo:12	32	414	8745628320
E8	12	1	H	15	11	EHa:1,EAo:5,EBo:5,EOo:2,CHo:10,CAo:3,CBo:3,COo:11	32	992	9162925200
E8	12	1	A	15	11	EHo:1,EAo:4,EAa:1,EBo:5,EOo:2,CHo:10,CAo:3,CBo:3,COo:11	31	1728	9162925200
E8	12	2	H	15	10	EHo:1,EHa:1,EAo:4,EBo:4,EOo:3,CHo:9,CAo:4,CBo:4,COo:10	31	3012	9416546568
E8	12	2	A	15	10	EHo:2,EAo:3,EAa:1,EBo:4,EOo:3,CHo:9,CAo:4,CBo:4,COo:10	31	3731	9416546568
E8	12	3	H	15	9	EHo:2,EHa:1,EAo:3,EBo:3,EOo:4,CHo:8,CAo:5,CBo:5,COo:9	31	5012	9594006984
E8	12	3	A	15	9	EHo:3,EAo:2,EAa:1,EBo:3,EOo:4,CHo:8,CAo:5,CBo:5,COo:9	31	4996	9594006984
E8	12	4	H	15	8	EHo:3,EHa:1,EAo:2,EBo:2,EOo:5,CHo:7,CAo:6,CBo:6,COo:8	31	5040	9732054600
E8	12	4	A	15	8	EHo:4,EAo:1,EAa:1,EBo:2,EOo:5,CHo:7,CAo:6,CBo:6,COo:8	31	4002	9732054600
E8	12	5	H	15	7	EHo:4,EHa:1,EAo:1,EBo:1,EOo:6,CHo:6,CAo:7,CBo:7,COo:7	31	2936	9845660160
E8	12	5	A	15	7	EHo:5,EAa:1,EBo:1,EOo:6,CHo:6,CAo:7,CBo:7,COo:7	32	1656	9845660160
E8	12	6	H	15	6	EHo:5,EHa:1,EOo:7,CHo:5,CAo:8,CBo:8,COo:6	33	789	9935399250
E8	13	0	A	15	13	EAo:5,EAa:1,EBo:6,EOo:1,CHo:12,CAo:1,CBo:1,COo:13	32	92	4251347100
E8	13	1	H	15	12	EHa:1,EAo:5,EBo:5,EOo:2,CHo:11,CAo:2,CBo:2,COo:12	32	279	4534770240
E8	13	1	A	15	12	EHo:1,EAo:4,EAa:1,EBo:5,EOo:2,CHo:11,CAo:2,CBo:2,COo:12	31	486	4534770240
E8	13	2	H	15	11	EHo:1,EHa:1,EAo:4,EBo:4,EOo:3,CHo:10,CAo:3,CBo:3,COo:11	31	992	4698734040
E8	13	2	A	15	11	EHo:2,EAo:3,EAa:1,EBo:4,EOo:3,CHo:10,CAo:3,CBo:3,COo:11	31	1232	4698734040
E8	13	3	H	15	10	EHo:2,EHa:1,EAo:3,EBo:3,EOo:4,CHo:9,CAo:4,CBo:4,COo:10	31	1869	4807110672
E8	13	3	A	15	10	EHo:3,EAo:2,EAa:1,EBo:3,EOo:4,CHo:9,CAo:4,CBo:4,COo:10	31	1860	4807110672
E8	13	4	H	15	9	EHo:3,EHa:1,EAo:2,EBo:2,EOo:5,CHo:8,CAo:5,CBo:5,COo:9	31	2140	4886798784
E8	13	4	A	15	9	EHo:4,EAo:1,EAa:1,EBo:2,EOo:5,CHo:8,CAo:5,CBo:5,COo:9	31	1739	4886798784
E8	13	5	H	15	8	EHo:4,EHa:1,EAo:1,EBo:1,EOo:6,CHo:7,CAo:6,CBo:6,COo:8	31	1432	4948876800
E8	13	5	A	15	8	EHo:5,EAa:1,EBo:1,EOo:6,CHo:7,CAo:6,CBo:6,COo:8	32	800	4948876800
E8	13	6	H	15	7	EHo:5,EHa:1,EOo:7,CHo:6,CAo:7,CBo:7,COo:7	33	414	4995950820
E77	9	0	BB	15	9	EAo:6,EBo:4,EBa:2,EOo:1,CHo:8,CAo:5,CBo:5,COo:9	32	4367	24217324560
E77	9	0	BO	15	9	EAo:6,EBo:5,EBa:1,EOa:1,CHo:8,CAo:5,CBo:5,COo:9	32	3428	24217324560
E77	9	1	BB	15	8	EHo:1,EAo:5,EBo:3,EBa:2,EOo:2,CHo:7,CAo:6,CBo:6,COo:8	31	11190	24084672040
E77	9	1	BO	15	8	EHo:1,EAo:5,EBo:4,EBa:1,EOo:1,EOa:1,CHo:7,CAo:6,CBo:6,COo:8	30	12311	24084672040
E77	9	1	OO	15	8	EHo:1,EAo:5,EBo:5,EOa:2,CHo:7,CAo:6,CBo:6,COo:8	32	5160	24084672040
E77	9	2	BB	15	7	EHo:2,EAo:4,EBo:2,EBa:2,EOo:3,CHo:6,CAo:7,CBo:7,COo:7	31	15222	24118499860
E77	9	2	BO	15	7	EHo:2,EAo:4,EBo:3,EBa:1,EOo:2,EOa:1,CHo:6,CAo:7,CBo:7,COo:7	30	20584	24118499860
E77	9	2	OO	15	7	EHo:2,EAo:4,EBo:4,EOo:1,EOa:2,CHo:6,CAo:7,CBo:7,COo:7	31	12170	24118499860
E77	9	3	BB	15	6	EHo:3,EAo:3,EBo:1,EBa:2,EOo:4,CHo:5,CAo:8,CBo:8,COo:6	31	12327	24278254840
E77	9	3	BO	15	6	EHo:3,EAo:3,EBo:2,EBa:1,EOo:3,EOa:1,CHo:5,CAo:8,CBo:8,COo:6	30	21032	24278254840
E77	9	3	OO	15	6	EHo:3,EAo:3,EBo:3,EOo:2,EOa:2,CHo:5,CAo:8,CBo:8,COo:6	31	15459	24278254840
E77	9	4	BB	15	5	EHo:4,EAo:2,EBa:2,EOo:5,CHo:4,CAo:9,CBo:9,COo:5	32	5355	24566267264
E77	9	4	BO	15	5	EHo:4,EAo:2,EBo:1,EBa:1,EOo:4,EOa:1,CHo:4,CAo:9,CBo:9,COo:5	30	13210	24566267264
E77	9	4	OO	15	5	EHo:4,EAo:2,EBo:2,EOo:3,EOa:2,CHo:4,CAo:9,CBo:9,COo:5	31	12231	24566267264
E77	9	5	BO	15	4	EHo:5,EAo:1,EBa:1,EOo:5,EOa:1,CHo:3,CAo:10,CBo:10,COo:4	31	4288	25003900040
E77	9	5	OO	15	4	EHo:5,EAo:1,EBo:1,EOo:4,EOa:2,CHo:3,CAo:10,CBo:10,COo:4	31	5675	25003900040
E77	9	6	OO	15	3	EHo:6,EOo:5,EOa:2,CHo:2,CAo:11,CBo:11,COo:3	33	1156	25647499220
E77	10	0	BB	15	10	EAo:6,EBo:4,EBa:2,EOo:1,CHo:9,CAo:4,CBo:4,COo:10	32	2719	19047311712
E77	10	0	BO	15	10	EAo:6,EBo:5,EBa:1,EOa:1,CHo:9,CAo:4,CBo:4,COo:10	32	2143	19047311712
E77	10	1	BB	15	9	EHo:1,EAo:5,EBo:3,EBa:2,EOo:2,CHo:8,CAo:5,CBo:5,COo:9	31	8267	19159947312
E77	10	1	BO	15	9	EHo:1,EAo:5,EBo:4,EBa:1,EOo:1,EOa:1,CHo:8,CAo:5,CBo:5,COo:9	30	9104	19159947312
E77	10	1	OO	15	9	EHo:1,EAo:5,EBo:5,EOa:2,CHo:8,CAo:5,CBo:5,COo:9	32	3830	19159947312
E77	10	2	BB	15	8	EHo:2,EAo:4,EBo:2,EBa:2,EOo:3,CHo:7,CAo:6,CBo:6,COo:8	31	12617	19298053560
E77	10	2	BO	15	8	EHo:2,EAo:4,EBo:3,EBa:1,EOo:2,EOa:1,CHo:7,CAo:6,CBo:6,COo:8	30	17050	19298053560
E77	10	2	OO	15	8	EHo:2,EAo:4,EBo:4,EOo:1,EOa:2,CHo:7,CAo:6,CBo:6,COo:8	31	10099	19298053560
E77	10	3	BB	15	7	EHo:3,EAo:3,EBo:1,EBa:2,EOo:4,CHo:6,CAo:7,CBo:7,COo:7	31	11306	19472086060
E77	10	3	BO	15	7	EHo:3,EAo:3,EBo:2,EBa:1,EOo:3,EOa:1,CHo:6,CAo:7,CBo:7,COo:7	30	19256	19472086060
E77	10	3	OO	15	7	EHo:3,EAo:3,EBo:3,EOo:2,EOa:2,CHo:6,CAo:7,CBo:7,COo:7	31	14142	19472086060
E77	10	4	BB	15	6	EHo:4,EAo:2,EBa:2,EOo:5,CHo:5,CAo:8,CBo:8,COo:6	32	5356	19693467360
E77	10	4	BO	15	6	EHo:4,EAo:2,EBo:1,EBa:1,EOo:4,EOa:1,CHo:5,CAo:8,CBo:8,COo:6	30	13229	19693467360
E77	10	4	OO	15	6	EHo:4,EAo:2,EBo:2,EOo:3,EOa:2,CHo:5,CAo:8,CBo:8,COo:6	31	12265	19693467360
E77	10	5	BO	15	5	EHo:5,EAo:1,EBa:1,EOo:5,EOa:1,CHo:4,CAo:9,CBo:9,COo:5	31	4835	19976355112
E77	10	5	OO	15	5	EHo:5,EAo:1,EBo:1,EOo:4,EOa:2,CHo:4,CAo:9,CBo:9,COo:5	31	6428	19976355112
E77	10	6	OO	15	4	EHo:6,EOo:5,EOa:2,CHo:3,CAo:10,CBo:10,COo:4	33	1522	20337583952
E77	11	0	BB	15	11	EAo:6,EBo:4,EBa:2,EOo:1,CHo:10,CAo:3,CBo:3,COo:11	32	1384	13719497220
E77	11	0	BO	15	11	EAo:6,EBo:5,EBa:1,EOa:1,CHo:10,CAo:3,CBo:3,COo:11	32	1096	13719497220
E77	11	1	BB	15	10	EHo:1,EAo:5,EBo:3,EBa:2,EOo:2,CHo:9,CAo:4,CBo:4,COo:10	31	4753	14062235616
E77	11	1	BO	15	10	EHo:1,EAo:5,EBo:4,EBa:1,EOo:1,EOa:1,CHo:9,CAo:4,CBo:4,COo:10	30	5252	14062235616
E77	11	1	OO	15	10	EHo:1,EAo:5,EBo:5,EOa:2,CHo:9,CAo:4,CBo:4,COo:10	32	2219	14062235616
E77	11	2	BB	15	9	EHo:2,EAo:4,EBo:2,EBa:2,EOo:3,CHo:8,CAo:5,CBo:5,COo:9	31	8458	14297275036
E77	11	2	BO	15	9	EHo:2,EAo:4,EBo:3,EBa:1,EOo:2,EOa:1,CHo:8,CAo:5,CBo:5,COo:9	30	11438	14297275036
E77	11	2	OO	15	9	EHo:2,EAo:4,EBo:4,EOo:1,EOa:2,CHo:8,CAo:5,CBo:5,COo:9	31	6796	14297275036
E77	11	3	BB	15	8	EHo:3,EAo:3,EBo:1,EBa:2,EOo:4,CHo:7,CAo:6,CBo:6,COo:8	31	8539	14489455444
E77	11	3	BO	15	8	EHo:3,EAo:3,EBo:2,EBa:1,EOo:3,EOa:1,CHo:7,CAo:6,CBo:6,COo:8	30	14499	14489455444
E77	11	3	OO	15	8	EHo:3,EAo:3,EBo:3,EOo:2,EOa:2,CHo:7,CAo:6,CBo:6,COo:8	31	10662	14489455444
E77	11	4	BB	15	7	EHo:4,EAo:2,EBa:2,EOo:5,CHo:6,CAo:7,CBo:7,COo:7	32	4484	14666660512
E77	11	4	BO	15	7	EHo:4,EAo:2,EBo:1,EBa:1,EOo:4,EOa:1,CHo:6,CAo:7,CBo:7,COo:7	30	11054	14666660512
E77	11	4	OO	15	7	EHo:4,EAo:2,EBo:2,EOo:3,EOa:2,CHo:6,CAo:7,CBo:7,COo:7	31	10224	14666660512
E77	11	5	BO	15	6	EHo:5,EAo:1,EBa:1,EOo:5,EOa:1,CHo:5,CAo:8,CBo:8,COo:6	31	4385	14842513560
E77	11	5	OO	15	6	EHo:5,EAo:1,EBo:1,EOo:4,EOa:2,CHo:5,CAo:8,CBo:8,COo:6	31	5874	14842513560
E77	11	6	OO	15	5	EHo:6,EOo:5,EOa:2,CHo:4,CAo:9,CBo:9,COo:5	33	1555	15017602082
E77	12	0	BB	15	12	EAo:6,EBo:4,EBa:2,EOo:1,CHo:11,CAo:2,CBo:2,COo:12	32	522	8745628320
E77	12	0	BO	15	12	EAo:6,EBo:5,EBa:1,EOa:1,CHo:11,CAo:2,CBo:2,COo:12	32	414	8745628320
E77	12	1	BB	15	11	EHo:1,EAo:5,EBo:3,EBa:2,EOo:2,CHo:10,CAo:3,CBo:3,COo:11	31	2112	9162925200
E77	12	1	BO	15	11	EHo:1,EAo:5,EBo:4,EBa:1,EOo:1,EOa:1,CHo:10,CAo:3,CBo:3,COo:11	30	2336	9162925200
E77	12	1	OO	15	11	EHo:1,EAo:5,EBo:5,EOa:2,CHo:10,CAo:3,CBo:3,COo:11	32	992	9162925200
E77	12	2	BB	15	10	EHo:2,EAo:4,EBo:2,EBa:2,EOo:3,CHo:9,CAo:4,CBo:4,COo:10	31	4265	9416546568
E77	12	2	BO	15	10	EHo:2,EAo:4,EBo:3,EBa:1,EOo:2,EOa:1,CHo:9,CAo:4,CBo:4,COo:10	30	5768	9416546568
E77	12	2	OO	15	10	EHo:2,EAo:4,EBo:4,EOo:1,EOa:2,CHo:9,CAo:4,CBo:4,COo:10	31	3441	9416546568
E77	12	3	BB	15	9	EHo:3,EAo:3,EBo:1,EBa:2,EOo:4,CHo:8,CAo:5,CBo:5,COo:9	31	4996	9594006984
E77	12	3	BO	15	9	EHo:3,EAo:3,EBo:2,EBa:1,EOo:3,EOa:1,CHo:8,CAo:5,CBo:5,COo:9	30	8450	9594006984
E77	12	3	OO	15	9	EHo:3,EAo:3,EBo:3,EOo:2,EOa:2,CHo:8,CAo:5,CBo:5,COo:9	31	6237	9594006984
E77	12	4	BB	15	8	EHo:4,EAo:2,EBa:2,EOo:5,CHo:7,CAo:6,CBo:6,COo:8	32	2962	9732054600
E77	12	4	BO	15	8	EHo:4,EAo:2,EBo:1,EBa:1,EOo:4,EOa:1,CHo:7,CAo:6,CBo:6,COo:8	30	7228	9732054600
E77	12	4	OO	15	8	EHo:4,EAo:2,EBo:2,EOo:3,EOa:2,CHo:7,CAo:6,CBo:6,COo:8	31	6678	9732054600
E77	12	5	BO	15	7	EHo:5,EAo:1,EBa:1,EOo:5,EOa:1,CHo:6,CAo:7,CBo:7,COo:7	31	3176	9845660160
E77	12	5	OO	15	7	EHo:5,EAo:1,EBo:1,EOo:4,EOa:2,CHo:6,CAo:7,CBo:7,COo:7	31	4240	9845660160
E77	12	6	OO	15	6	EHo:6,EOo:5,EOa:2,CHo:5,CAo:8,CBo:8,COo:6	33	1232	9935399250
E77	13	0	BB	15	13	EAo:6,EBo:4,EBa:2,EOo:1,CHo:12,CAo:1,CBo:1,COo:13	32	116	4251347100
E77	13	0	BO	15	13	EAo:6,EBo:5,EBa:1,EOa:1,CHo:12,CAo:1,CBo:1,COo:13	32	92	4251347100
E77	13	1	BB	15	12	EHo:1,EAo:5,EBo:3,EBa:2,EOo:2,CHo:11,CAo:2,CBo:2,COo:12	31	594	4534770240
E77	13	1	BO	15	12	EHo:1,EAo:5,EBo:4,EBa:1,EOo:1,EOa:1,CHo:11,CAo:2,CBo:2,COo:12	30	657	4534770240
E77	13	1	OO	15	12	EHo:1,EAo:5,EBo:5,EOa:2,CHo:11,CAo:2,CBo:2,COo:12	32	279	4534770240
E77	13	2	BB	15	11	EHo:2,EAo:4,EBo:2,EBa:2,EOo:3,CHo:10,CAo:3,CBo:3,COo:11	31	1408	4698734040
E77	13	2	BO	15	11	EHo:2,EAo:4,EBo:3,EBa:1,EOo:2,EOa:1,CHo:10,CAo:3,CBo:3,COo:11	30	1904	4698734040
E77	13	2	OO	15	11	EHo:2,EAo:4,EBo:4,EOo:1,EOa:2,CHo:10,CAo:3,CBo:3,COo:11	31	1136	4698734040
E77	13	3	BB	15	10	EHo:3,EAo:3,EBo:1,EBa:2,EOo:4,CHo:9,CAo:4,CBo:4,COo:10	31	1860	4807110672
E77	13	3	BO	15	10	EHo:3,EAo:3,EBo:2,EBa:1,EOo:3,EOa:1,CHo:9,CAo:4,CBo:4,COo:10	30	3144	4807110672
E77	13	3	OO	15	10	EHo:3,EAo:3,EBo:3,EOo:2,EOa:2,CHo:9,CAo:4,CBo:4,COo:10	31	2321	4807110672
E77	13	4	BB	15	9	EHo:4,EAo:2,EBa:2,EOo:5,CHo:8,CAo:5,CBo:5,COo:9	32	1288	4886798784
E77	13	4	BO	15	9	EHo:4,EAo:2,EBo:1,EBa:1,EOo:4,EOa:1,CHo:8,CAo:5,CBo:5,COo:9	30	3111	4886798784
E77	13	4	OO	15	9	EHo:4,EAo:2,EBo:2,EOo:3,EOa:2,CHo:8,CAo:5,CBo:5,COo:9	31	2861	4886798784
E77	13	5	BO	15	8	EHo:5,EAo:1,EBa:1,EOo:5,EOa:1,CHo:7,CAo:6,CBo:6,COo:8	31	1524	4948876800
E77	13	5	OO	15	8	EHo:5,EAo:1,EBo:1,EOo:4,EOa:2,CHo:7,CAo:6,CBo:6,COo:8	31	2014	4948876800
E77	13	6	OO	15	7	EHo:6,EOo:5,EOa:2,CHo:6,CAo:7,CBo:7,COo:7	33	644	4995950820
C8	9	0	B	15	9	EAo:6,EBo:6,EOo:1,CHo:8,CAo:5,CBo:4,CBa:1,COo:9	32	3253	24217324560
C8	9	0	O	15	9	EAo:6,EBo:6,EOo:1,CHo:8,CAo:5,CBo:5,COo:8,COa:1	32	3606	24217324560
C8	9	1	B	15	8	EHo:1,EAo:5,EBo:5,EOo:2,CHo:7,CAo:6,CBo:5,CBa:1,COo:8	31	9117	24084672040
C8	9	1	O	15	8	EHo:1,EAo:5,EBo:5,EOo:2,CHo:7,CAo:6,CBo:6,COo:7,COa:1	31	9558	24084672040
C8	9	2	B	15	7	EHo:2,EAo:4,EBo:4,EOo:3,CHo:6,CAo:7,CBo:6,CBa:1,COo:7	31	14288	24118499860
C8	9	2	O	15	7	EHo:2,EAo:4,EBo:4,EOo:3,CHo:6,CAo:7,CBo:7,COo:6,COa:1	31	14158	24118499860
C8	9	3	B	15	6	EHo:3,EAo:3,EBo:3,EOo:4,CHo:5,CAo:8,CBo:7,CBa:1,COo:6	31	14817	24278254840
C8	9	3	O	15	6	EHo:3,EAo:3,EBo:3,EOo:4,CHo:5,CAo:8,CBo:8,COo:5,COa:1	31	13954	24278254840
C8	9	4	B	15	5	EHo:4,EAo:2,EBo:2,EOo:5,CHo:4,CAo:9,CBo:8,CBa:1,COo:5	31	10185	24566267264
C8	9	4	O	15	5	EHo:4,EAo:2,EBo:2,EOo:5,CHo:4,CAo:9,CBo:9,COo:4,COa:1	31	9093	24566267264
C8	9	5	B	15	4	EHo:5,EAo:1,EBo:1,EOo:6,CHo:3,CAo:10,CBo:9,CBa:1,COo:4	31	4326	25003900040
C8	9	5	O	15	4	EHo:5,EAo:1,EBo:1,EOo:6,CHo:3,CAo:10,CBo:10,COo:3,COa:1	31	3648	25003900040
C8	9	6	B	15	3	EHo:6,EOo:7,CHo:2,CAo:11,CBo:10,CBa:1,COo:3	33	831	25647499220
C8	9	6	O	15	3	EHo:6,EOo:7,CHo:2,CAo:11,CBo:11,COo:2,COa:1	33	648	25647499220
C8	10	0	B	15	10	EAo:6,EBo:6,EOo:1,CHo:9,CAo:4,CBo:3,CBa:1,COo:10	32	1945	19047311712
C8	10	0	O	15	10	EAo:6,EBo:6,EOo:1,CHo:9,CAo:4,CBo:4,COo:9,COa:1	32	2318	19047311712
C8	10	1	B	15	9	EHo:1,EAo:5,EBo:5,EOo:2,CHo:8,CAo:5,CBo:4,CBa:1,COo:9	31	6518	19159947312
C8	10	1	O	15	9	EHo:1,EAo:5,EBo:5,EOo:2,CHo:8,CAo:5,CBo:5,COo:8,COa:1	31	7251	19159947312
C8	10	2	B	15	8	EHo:2,EAo:4,EBo:4,EOo:3,CHo:7,CAo:6,CBo:5,CBa:1,COo:8	31	11496	19298053560
C8	10	2	O	15	8	EHo:2,EAo:4,EBo:4,EOo:3,CHo:7,CAo:6,CBo:6,COo:7,COa:1	31	12066	19298053560
C8	10	3	B	15	7	EHo:3,EAo:3,EBo:3,EOo:4,CHo:6,CAo:7,CBo:6,CBa:1,COo:7	31	13241	19472086060
C8	10	3	O	15	7	EHo:3,EAo:3,EBo:3,EOo:4,CHo:6,CAo:7,CBo:7,COo:6,COa:1	31	13139	19472086060
C8	10	4	B	15	6	EHo:4,EAo:2,EBo:2,EOo:5,CHo:5,CAo:8,CBo:7,CBa:1,COo:6	31	9970	19693467360
C8	10	4	O	15	6	EHo:4,EAo:2,EBo:2,EOo:5,CHo:5,CAo:8,CBo:8,COo:5,COa:1	31	9408	19693467360
C8	10	5	B	15	5	EHo:5,EAo:1,EBo:1,EOo:6,CHo:4,CAo:9,CBo:8,CBa:1,COo:5	31	4790	19976355112
C8	10	5	O	15	5	EHo:5,EAo:1,EBo:1,EOo:6,CHo:4,CAo:9,CBo:9,COo:4,COa:1	31	4296	19976355112
C8	10	6	B	15	4	EHo:6,EOo:7,CHo:3,CAo:10,CBo:9,CBa:1,COo:4	33	1062	20337583952
C8	10	6	O	15	4	EHo:6,EOo:7,CHo:3,CAo:10,CBo:10,COo:3,COa:1	33	900	20337583952
C8	11	0	B	15	11	EAo:6,EBo:6,EOo:1,CHo:10,CAo:3,CBo:2,CBa:1,COo:11	32	926	13719497220
C8	11	0	O	15	11	EAo:6,EBo:6,EOo:1,CHo:10,CAo:3,CBo:3,COo:10,COa:1	32	1219	13719497220
C8	11	1	B	15	10	EHo:1,EAo:5,EBo:5,EOo:2,CHo:9,CAo:4,CBo:3,CBa:1,COo:10	31	3590	14062235616
C8	11	1	O	15	10	EHo:1,EAo:5,EBo:5,EOo:2,CHo:9,CAo:4,CBo:4,COo:9,COa:1	31	4300	14062235616
C8	11	2	B	15	9	EHo:2,EAo:4,EBo:4,EOo:3,CHo:8,CAo:5,CBo:4,CBa:1,COo:9	31	7464	14297275036
C8	11	2	O	15	9	EHo:2,EAo:4,EBo:4,EOo:3,CHo:8,CAo:5,CBo:5,COo:8,COa:1	31	8330	14297275036
C8	11	3	B	15	8	EHo:3,EAo:3,EBo:3,EOo:4,CHo:7,CAo:6,CBo:5,CBa:1,COo:8	31	9708	14489455444
C8	11	3	O	15	8	EHo:3,EAo:3,EBo:3,EOo:4,CHo:7,CAo:6,CBo:6,COo:7,COa:1	31	10204	14489455444
C8	11	4	B	15	7	EHo:4,EAo:2,EBo:2,EOo:5,CHo:6,CAo:7,CBo:6,CBa:1,COo:7	31	8135	14666660512
C8	11	4	O	15	7	EHo:4,EAo:2,EBo:2,EOo:5,CHo:6,CAo:7,CBo:7,COo:6,COa:1	31	8092	14666660512
C8	11	5	B	15	6	EHo:5,EAo:1,EBo:1,EOo:6,CHo:5,CAo:8,CBo:7,CBa:1,COo:6	31	4234	14842513560
C8	11	5	O	15	6	EHo:5,EAo:1,EBo:1,EOo:6,CHo:5,CAo:8,CBo:8,COo:5,COa:1	31	4012	14842513560
C8	11	6	B	15	5	EHo:6,EOo:7,CHo:4,CAo:9,CBo:8,CBa:1,COo:5	33	1068	15017602082
C8	11	6	O	15	5	EHo:6,EOo:7,CHo:4,CAo:9,CBo:9,COo:4,COa:1	33	962	15017602082
C8	12	0	B	15	12	EAo:6,EBo:6,EOo:1,CHo:11,CAo:2,CBo:1,CBa:1,COo:12	32	312	8745628320
C8	12	0	O	15	12	EAo:6,EBo:6,EOo:1,CHo:11,CAo:2,CBo:2,COo:11,COa:1	32	468	8745628320
C8	12	1	B	15	11	EHo:1,EAo:5,EBo:5,EOo:2,CHo:10,CAo:3,CBo:2,CBa:1,COo:11	31	1488	9162925200
C8	12	1	O	15	11	EHo:1,EAo:5,EBo:5,EOo:2,CHo:10,CAo:3,CBo:3,COo:10,COa:1	31	1969	9162925200
C8	12	2	B	15	10	EHo:2,EAo:4,EBo:4,EOo:3,CHo:9,CAo:4,CBo:3,CBa:1,COo:10	31	3594	9416546568
C8	12	2	O	15	10	EHo:2,EAo:4,EBo:4,EOo:3,CHo:9,CAo:4,CBo:4,COo:9,COa:1	31	4322	9416546568
C8	12	3	B	15	9	EHo:3,EAo:3,EBo:3,EOo:4,CHo:8,CAo:5,CBo:4,CBa:1,COo:9	31	5485	9594006984
C8	12	3	O	15	9	EHo:3,EAo:3,EBo:3,EOo:4,CHo:8,CAo:5,CBo:5,COo:8,COa:1	31	6139	9594006984
C8	12	4	B	15	8	EHo:4,EAo:2,EBo:2,EOo:5,CHo:7,CAo:6,CBo:5,CBa:1,COo:8	31	5198	9732054600
C8	12	4	O	15	8	EHo:4,EAo:2,EBo:2,EOo:5,CHo:7,CAo:6,CBo:6,COo:7,COa:1	31	5480	9732054600
C8	12	5	B	15	7	EHo:5,EAo:1,EBo:1,EOo:6,CHo:6,CAo:7,CBo:6,CBa:1,COo:7	31	2988	9845660160
C8	12	5	O	15	7	EHo:5,EAo:1,EBo:1,EOo:6,CHo:6,CAo:7,CBo:7,COo:6,COa:1	31	2988	9845660160
C8	12	6	B	15	6	EHo:6,EOo:7,CHo:5,CAo:8,CBo:7,CBa:1,COo:6	33	814	9935399250
C8	12	6	O	15	6	EHo:6,EOo:7,CHo:5,CAo:8,CBo:8,COo:5,COa:1	33	778	9935399250
C8	13	0	B	15	13	EAo:6,EBo:6,EOo:1,CHo:12,CAo:1,CBa:1,COo:13	33	52	4251347100
C8	13	0	O	15	13	EAo:6,EBo:6,EOo:1,CHo:12,CAo:1,CBo:1,COo:12,COa:1	32	104	4251347100
C8	13	1	B	15	12	EHo:1,EAo:5,EBo:5,EOo:2,CHo:11,CAo:2,CBo:1,CBa:1,COo:12	31	372	4534770240
C8	13	1	O	15	12	EHo:1,EAo:5,EBo:5,EOo:2,CHo:11,CAo:2,CBo:2,COo:11,COa:1	31	558	4534770240
C8	13	2	B	15	11	EHo:2,EAo:4,EBo:4,EOo:3,CHo:10,CAo:3,CBo:2,CBa:1,COo:11	31	1104	4698734040
C8	13	2	O	15	11	EHo:2,EAo:4,EBo:4,EOo:3,CHo:10,CAo:3,CBo:3,COo:10,COa:1	31	1458	4698734040
C8	13	3	B	15	10	EHo:3,EAo:3,EBo:3,EOo:4,CHo:9,CAo:4,CBo:3,CBa:1,COo:10	31	1947	4807110672
C8	13	3	O	15	10	EHo:3,EAo:3,EBo:3,EOo:4,CHo:9,CAo:4,CBo:4,COo:9,COa:1	31	2344	4807110672
C8	13	4	B	15	9	EHo:4,EAo:2,EBo:2,EOo:5,CHo:8,CAo:5,CBo:4,CBa:1,COo:9	31	2179	4886798784
C8	13	4	O	15	9	EHo:4,EAo:2,EBo:2,EOo:5,CHo:8,CAo:5,CBo:5,COo:8,COa:1	31	2436	4886798784
C8	13	5	B	15	8	EHo:5,EAo:1,EBo:1,EOo:6,CHo:7,CAo:6,CBo:5,CBa:1,COo:8	31	1404	4948876800
C8	13	5	O	15	8	EHo:5,EAo:1,EBo:1,EOo:6,CHo:7,CAo:6,CBo:6,COo:7,COa:1	31	1480	4948876800
C8	13	6	B	15	7	EHo:6,EOo:7,CHo:6,CAo:7,CBo:6,CBa:1,COo:7	33	415	4995950820
C8	13	6	O	15	7	EHo:6,EOo:7,CHo:6,CAo:7,CBo:7,COo:6,COa:1	33	415	4995950820
C77	9	0	BB	15	9	EAo:6,EBo:6,EOo:1,CHo:8,CAo:5,CBo:3,CBa:2,COo:9	32	3947	24217324560
C77	9	0	BO	15	9	EAo:6,EBo:6,EOo:1,CHo:8,CAo:5,CBo:4,CBa:1,COo:8,COa:1	31	6159	24217324560
C77	9	0	OO	15	9	EAo:6,EBo:6,EOo:1,CHo:8,CAo:5,CBo:5,COo:7,COa:2	32	4993	24217324560
C77	9	1	BB	15	8	EHo:1,EAo:5,EBo:5,EOo:2,CHo:7,CAo:6,CBo:4,CBa:2,COo:8	31	11603	24084672040
C77	9	1	BO	15	8	EHo:1,EAo:5,EBo:5,EOo:2,CHo:7,CAo:6,CBo:5,CBa:1,COo:7,COa:1	30	16931	24084672040
C77	9	1	OO	15	8	EHo:1,EAo:5,EBo:5,EOo:2,CHo:7,CAo:6,CBo:6,COo:6,COa:2	31	12914	24084672040
C77	9	2	BB	15	7	EHo:2,EAo:4,EBo:4,EOo:3,CHo:6,CAo:7,CBo:5,CBa:2,COo:7	31	18870	24118499860
C77	9	2	BO	15	7	EHo:2,EAo:4,EBo:4,EOo:3,CHo:6,CAo:7,CBo:6,CBa:1,COo:6,COa:1	30	25849	24118499860
C77	9	2	OO	15	7	EHo:2,EAo:4,EBo:4,EOo:3,CHo:6,CAo:7,CBo:7,COo:5,COa:2	31	18582	24118499860
C77	9	3	BB	15	6	EHo:3,EAo:3,EBo:3,EOo:4,CHo:5,CAo:8,CBo:6,CBa:2,COo:6	31	20148	24278254840
C77	9	3	BO	15	6	EHo:3,EAo:3,EBo:3,EOo:4,CHo:5,CAo:8,CBo:7,CBa:1,COo:5,COa:1	30	26059	24278254840
C77	9	3	OO	15	6	EHo:3,EAo:3,EBo:3,EOo:4,CHo:5,CAo:8,CBo:8,COo:4,COa:2	31	17697	24278254840
C77	9	4	BB	15	5	EHo:4,EAo:2,EBo:2,EOo:5,CHo:4,CAo:9,CBo:7,CBa:2,COo:5	31	14156	24566267264
C77	9	4	BO	15	5	EHo:4,EAo:2,EBo:2,EOo:5,CHo:4,CAo:9,CBo:8,CBa:1,COo:4,COa:1	30	17307	24566267264
C77	9	4	OO	15	5	EHo:4,EAo:2,EBo:2,EOo:5,CHo:4,CAo:9,CBo:9,COo:3,COa:2	31	11014	24566267264
C77	9	5	BB	15	4	EHo:5,EAo:1,EBo:1,EOo:6,CHo:3,CAo:10,CBo:8,CBa:2,COo:4	31	6110	25003900040
C77	9	5	BO	15	4	EHo:5,EAo:1,EBo:1,EOo:6,CHo:3,CAo:10,CBo:9,CBa:1,COo:3,COa:1	30	7022	25003900040
C77	9	5	OO	15	4	EHo:5,EAo:1,EBo:1,EOo:6,CHo:3,CAo:10,CBo:10,COo:2,COa:2	31	4124	25003900040
C77	9	6	BB	15	3	EHo:6,EOo:7,CHo:2,CAo:11,CBo:9,CBa:2,COo:3	33	1186	25647499220
C77	9	6	BO	15	3	EHo:6,EOo:7,CHo:2,CAo:11,CBo:10,CBa:1,COo:2,COa:1	32	1258	25647499220
C77	9	6	OO	15	3	EHo:6,EOo:7,CHo:2,CAo:11,CBo:11,COo:1,COa:2	33	648	25647499220
C77	10	0	BB	15	10	EAo:6,EBo:6,EOo:1,CHo:9,CAo:4,CBo:2,CBa:2,COo:10	32	2200	19047311712
C77	10	0	BO	15	10	EAo:6,EBo:6,EOo:1,CHo:9,CAo:4,CBo:3,CBa:1,COo:9,COa:1	31	3773	19047311712
C77	10	0	OO	15	10	EAo:6,EBo:6,EOo:1,CHo:9,CAo:4,CBo:4,COo:8,COa:2	32	3301	19047311712
C77	10	1	BB	15	9	EHo:1,EAo:5,EBo:5,EOo:2,CHo:8,CAo:5,CBo:3,CBa:2,COo:9	31	7902	19159947312
C77	10	1	BO	15	9	EHo:1,EAo:5,EBo:5,EOo:2,CHo:8,CAo:5,CBo:4,CBa:1,COo:8,COa:1	30	12372	19159947312
C77	10	1	OO	15	9	EHo:1,EAo:5,EBo:5,EOo:2,CHo:8,CAo:5,CBo:5,COo:7,COa:2	31	10065	19159947312
C77	10	2	BB	15	8	EHo:2,EAo:4,EBo:4,EOo:3,CHo:7,CAo:6,CBo:4,CBa:2,COo:8	31	14612	19298053560
C77	10	2	BO	15	8	EHo:2,EAo:4,EBo:4,EOo:3,CHo:7,CAo:6,CBo:5,CBa:1,COo:7,COa:1	30	21347	19298053560
C77	10	2	OO	15	8	EHo:2,EAo:4,EBo:4,EOo:3,CHo:7,CAo:6,CBo:6,COo:6,COa:2	31	16310	19298053560
C77	10	3	BB	15	7	EHo:3,EAo:3,EBo:3,EOo:4,CHo:6,CAo:7,CBo:5,CBa:2,COo:7	31	17462	19472086060
C77	10	3	BO	15	7	EHo:3,EAo:3,EBo:3,EOo:4,CHo:6,CAo:7,CBo:6,CBa:1,COo:6,COa:1	30	23949	19472086060
C77	10	3	OO	15	7	EHo:3,EAo:3,EBo:3,EOo:4,CHo:6,CAo:7,CBo:7,COo:5,COa:2	31	17253	19472086060
C77	10	4	BB	15	6	EHo:4,EAo:2,EBo:2,EOo:5,CHo:5,CAo:8,CBo:6,CBa:2,COo:6	31	13518	19693467360
C77	10	4	BO	15	6	EHo:4,EAo:2,EBo:2,EOo:5,CHo:5,CAo:8,CBo:7,CBa:1,COo:5,COa:1	30	17528	19693467360
C77	10	4	OO	15	6	EHo:4,EAo:2,EBo:2,EOo:5,CHo:5,CAo:8,CBo:8,COo:4,COa:2	31	11936	19693467360
C77	10	5	BB	15	5	EHo:5,EAo:1,EBo:1,EOo:6,CHo:4,CAo:9,CBo:7,CBa:2,COo:5	31	6626	19976355112
C77	10	5	BO	15	5	EHo:5,EAo:1,EBo:1,EOo:6,CHo:4,CAo:9,CBo:8,CBa:1,COo:4,COa:1	30	8142	19976355112
C77	10	5	OO	15	5	EHo:5,EAo:1,EBo:1,EOo:6,CHo:4,CAo:9,CBo:9,COo:3,COa:2	31	5208	19976355112
C77	10	6	BB	15	4	EHo:6,EOo:7,CHo:3,CAo:10,CBo:8,CBa:2,COo:4	33	1492	20337583952
C77	10	6	BO	15	4	EHo:6,EOo:7,CHo:3,CAo:10,CBo:9,CBa:1,COo:3,COa:1	32	1725	20337583952
C77	10	6	OO	15	4	EHo:6,EOo:7,CHo:3,CAo:10,CBo:10,COo:2,COa:2	33	1018	20337583952
C77	11	0	BB	15	11	EAo:6,EBo:6,EOo:1,CHo:10,CAo:3,CBo:1,CBa:2,COo:11	32	926	13719497220
C77	11	0	BO	15	11	EAo:6,EBo:6,EOo:1,CHo:10,CAo:3,CBo:2,CBa:1,COo:10,COa:1	31	1839	13719497220
C77	11	0	OO	15	11	EAo:6,EBo:6,EOo:1,CHo:10,CAo:3,CBo:3,COo:9,COa:2	32	1783	13719497220
C77	11	1	BB	15	10	EHo:1,EAo:5,EBo:5,EOo:2,CHo:9,CAo:4,CBo:2,CBa:2,COo:10	31	4052	14062235616
C77	11	1	BO	15	10	EHo:1,EAo:5,EBo:5,EOo:2,CHo:9,CAo:4,CBo:3,CBa:1,COo:9,COa:1	30	6981	14062235616
C77	11	1	OO	15	10	EHo:1,EAo:5,EBo:5,EOo:2,CHo:9,CAo:4,CBo:4,COo:8,COa:2	31	6138	14062235616
C77	11	2	BB	15	9	EHo:2,EAo:4,EBo:4,EOo:3,CHo:8,CAo:5,CBo:3,CBa:2,COo:9	31	9036	14297275036
C77	11	2	BO	15	9	EHo:2,EAo:4,EBo:4,EOo:3,CHo:8,CAo:5,CBo:4,CBa:1,COo:8,COa:1	30	14183	14297275036
C77	11	2	OO	15	9	EHo:2,EAo:4,EBo:4,EOo:3,CHo:8,CAo:5,CBo:5,COo:7,COa:2	31	11572	14297275036
C77	11	3	BB	15	8	EHo:3,EAo:3,EBo:3,EOo:4,CHo:7,CAo:6,CBo:4,CBa:2,COo:8	31	12320	14489455444
C77	11	3	BO	15	8	EHo:3,EAo:3,EBo:3,EOo:4,CHo:7,CAo:6,CBo:5,CBa:1,COo:7,COa:1	30	18022	14489455444
C77	11	3	OO	15	8	EHo:3,EAo:3,EBo:3,EOo:4,CHo:7,CAo:6,CBo:6,COo:6,COa:2	31	13796	14489455444
C77	11	4	BB	15	7	EHo:4,EAo:2,EBo:2,EOo:5,CHo:6,CAo:7,CBo:5,CBa:2,COo:7	31	10699	14666660512
C77	11	4	BO	15	7	EHo:4,EAo:2,EBo:2,EOo:5,CHo:6,CAo:7,CBo:6,CBa:1,COo:6,COa:1	30	14706	14666660512
C77	11	4	OO	15	7	EHo:4,EAo:2,EBo:2,EOo:5,CHo:6,CAo:7,CBo:7,COo:5,COa:2	31	10626	14666660512
C77	11	5	BB	15	6	EHo:5,EAo:1,EBo:1,EOo:6,CHo:5,CAo:8,CBo:6,CBa:2,COo:6	31	5714	14842513560
C77	11	5	BO	15	6	EHo:5,EAo:1,EBo:1,EOo:6,CHo:5,CAo:8,CBo:7,CBa:1,COo:5,COa:1	30	7442	14842513560
C77	11	5	OO	15	6	EHo:5,EAo:1,EBo:1,EOo:6,CHo:5,CAo:8,CBo:8,COo:4,COa:2	31	5092	14842513560
C77	11	6	BB	15	5	EHo:6,EOo:7,CHo:4,CAo:9,CBo:7,CBa:2,COo:5	33	1467	15017602082
C77	11	6	BO	15	5	EHo:6,EOo:7,CHo:4,CAo:9,CBo:8,CBa:1,COo:4,COa:1	32	1815	15017602082
C77	11	6	OO	15	5	EHo:6,EOo:7,CHo:4,CAo:9,CBo:9,COo:3,COa:2	33	1166	15017602082
C77	12	0	BB	15	12	EAo:6,EBo:6,EOo:1,CHo:11,CAo:2,CBa:2,COo:12	33	234	8745628320
C77	12	0	BO	15	12	EAo:6,EBo:6,EOo:1,CHo:11,CAo:2,CBo:1,CBa:1,COo:11,COa:1	31	624	8745628320
C77	12	0	OO	15	12	EAo:6,EBo:6,EOo:1,CHo:11,CAo:2,CBo:2,COo:10,COa:2	32	702	8745628320
C77	12	1	BB	15	11	EHo:1,EAo:5,EBo:5,EOo:2,CHo:10,CAo:3,CBo:1,CBa:2,COo:11	31	1488	9162925200
C77	12	1	BO	15	11	EHo:1,EAo:5,EBo:5,EOo:2,CHo:10,CAo:3,CBo:2,CBa:1,COo:10,COa:1	30	2961	9162925200
C77	12	1	OO	15	11	EHo:1,EAo:5,EBo:5,EOo:2,CHo:10,CAo:3,CBo:3,COo:9,COa:2	31	2885	9162925200
C77	12	2	BB	15	10	EHo:2,EAo:4,EBo:4,EOo:3,CHo:9,CAo:4,CBo:2,CBa:2,COo:10	31	4054	9416546568
C77	12	2	BO	15	10	EHo:2,EAo:4,EBo:4,EOo:3,CHo:9,CAo:4,CBo:3,CBa:1,COo:9,COa:1	30	6996	9416546568
C77	12	2	OO	15	10	EHo:2,EAo:4,EBo:4,EOo:3,CHo:9,CAo:4,CBo:4,COo:8,COa:2	31	6174	9416546568
C77	12	3	BB	15	9	EHo:3,EAo:3,EBo:3,EOo:4,CHo:8,CAo:5,CBo:3,CBa:2,COo:9	31	6632	9594006984
C77	12	3	BO	15	9	EHo:3,EAo:3,EBo:3,EOo:4,CHo:8,CAo:5,CBo:4,CBa:1,COo:8,COa:1	30	10424	9594006984
C77	12	3	OO	15	9	EHo:3,EAo:3,EBo:3,EOo:4,CHo:8,CAo:5,CBo:5,COo:7,COa:2	31	8527	9594006984
C77	12	4	BB	15	8	EHo:4,EAo:2,EBo:2,EOo:5,CHo:7,CAo:6,CBo:4,CBa:2,COo:8	31	6591	9732054600
C77	12	4	BO	15	8	EHo:4,EAo:2,EBo:2,EOo:5,CHo:7,CAo:6,CBo:5,CBa:1,COo:7,COa:1	30	9642	9732054600
C77	12	4	OO	15	8	EHo:4,EAo:2,EBo:2,EOo:5,CHo:7,CAo:6,CBo:6,COo:6,COa:2	31	7406	9732054600
C77	12	5	BB	15	7	EHo:5,EAo:1,EBo:1,EOo:6,CHo:6,CAo:7,CBo:5,CBa:2,COo:7	31	3924	9845660160
C77	12	5	BO	15	7	EHo:5,EAo:1,EBo:1,EOo:6,CHo:6,CAo:7,CBo:6,CBa:1,COo:6,COa:1	30	5400	9845660160
C77	12	5	OO	15	7	EHo:5,EAo:1,EBo:1,EOo:6,CHo:6,CAo:7,CBo:7,COo:5,COa:2	31	3924	9845660160
C77	12	6	BB	15	6	EHo:6,EOo:7,CHo:5,CAo:8,CBo:6,CBa:2,COo:6	33	1095	9935399250
C77	12	6	BO	15	6	EHo:6,EOo:7,CHo:5,CAo:8,CBo:7,CBa:1,COo:5,COa:1	32	1430	9935399250
C77	12	6	OO	15	6	EHo:6,EOo:7,CHo:5,CAo:8,CBo:8,COo:4,COa:2	33	987	9935399250
C77	13	0	BO	15	13	EAo:6,EBo:6,EOo:1,CHo:12,CAo:1,CBa:1,COo:12,COa:1	32	104	4251347100
C77	13	0	OO	15	13	EAo:6,EBo:6,EOo:1,CHo:12,CAo:1,CBo:1,COo:11,COa:2	32	156	4251347100
C77	13	1	BB	15	12	EHo:1,EAo:5,EBo:5,EOo:2,CHo:11,CAo:2,CBa:2,COo:12	32	279	4534770240
C77	13	1	BO	15	12	EHo:1,EAo:5,EBo:5,EOo:2,CHo:11,CAo:2,CBo:1,CBa:1,COo:11,COa:1	30	744	4534770240
C77	13	1	OO	15	12	EHo:1,EAo:5,EBo:5,EOo:2,CHo:11,CAo:2,CBo:2,COo:10,COa:2	31	837	4534770240
C77	13	2	BB	15	11	EHo:2,EAo:4,EBo:4,EOo:3,CHo:10,CAo:3,CBo:1,CBa:2,COo:11	31	1104	4698734040
C77	13	2	BO	15	11	EHo:2,EAo:4,EBo:4,EOo:3,CHo:10,CAo:3,CBo:2,CBa:1,COo:10,COa:1	30	2194	4698734040
C77	13	2	OO	15	11	EHo:2,EAo:4,EBo:4,EOo:3,CHo:10,CAo:3,CBo:3,COo:9,COa:2	31	2136	4698734040
C77	13	3	BB	15	10	EHo:3,EAo:3,EBo:3,EOo:4,CHo:9,CAo:4,CBo:2,CBa:2,COo:10	31	2197	4807110672
C77	13	3	BO	15	10	EHo:3,EAo:3,EBo:3,EOo:4,CHo:9,CAo:4,CBo:3,CBa:1,COo:9,COa:1	30	3791	4807110672
C77	13	3	OO	15	10	EHo:3,EAo:3,EBo:3,EOo:4,CHo:9,CAo:4,CBo:4,COo:8,COa:2	31	3348	4807110672
C77	13	4	BB	15	9	EHo:4,EAo:2,EBo:2,EOo:5,CHo:8,CAo:5,CBo:3,CBa:2,COo:9	31	2633	4886798784
C77	13	4	BO	15	9	EHo:4,EAo:2,EBo:2,EOo:5,CHo:8,CAo:5,CBo:4,CBa:1,COo:8,COa:1	30	4135	4886798784
C77	13	4	OO	15	9	EHo:4,EAo:2,EBo:2,EOo:5,CHo:8,CAo:5,CBo:5,COo:7,COa:2	31	3378	4886798784
C77	13	5	BB	15	8	EHo:5,EAo:1,EBo:1,EOo:6,CHo:7,CAo:6,CBo:4,CBa:2,COo:8	31	1780	4948876800
C77	13	5	BO	15	8	EHo:5,EAo:1,EBo:1,EOo:6,CHo:7,CAo:6,CBo:5,CBa:1,COo:7,COa:1	30	2604	4948876800
C77	13	5	OO	15	8	EHo:5,EAo:1,EBo:1,EOo:6,CHo:7,CAo:6,CBo:6,COo:6,COa:2	31	2000	4948876800
C77	13	6	BB	15	7	EHo:6,EOo:7,CHo:6,CAo:7,CBo:5,CBa:2,COo:7	33	545	4995950820
C77	13	6	BO	15	7	EHo:6,EOo:7,CHo:6,CAo:7,CBo:6,CBa:1,COo:6,COa:1	32	750	4995950820
C77	13	6	OO	15	7	EHo:6,EOo:7,CHo:6,CAo:7,CBo:7,COo:5,COa:2	33	545	4995950820
C77partition	9	0	HO	16	8	EAo:6,EBo:6,EOo:1,CHo:7,CHa:1,CAo:5,CBo:5,COo:8,COa:1	31	3333	12387635260
C77partition	9	0	AB	15	9	EAo:6,EBo:6,EOo:1,CHo:8,CAo:4,CAa:1,CBo:4,CBa:1,COo:9	31	2800	12661829180
C77partition	9	1	HO	16	7	EHo:1,EAo:5,EBo:5,EOo:2,CHo:6,CHa:1,CAo:6,CBo:6,COo:7,COa:1	30	8690	12338431820
C77partition	9	1	AB	15	8	EHo:1,EAo:5,EBo:5,EOo:2,CHo:7,CAo:5,CAa:1,CBo:5,CBa:1,COo:8	30	8144	12561048500
C77partition	9	2	HO	16	6	EHo:2,EAo:4,EBo:4,EOo:3,CHo:5,CHa:1,CAo:7,CBo:7,COo:6,COa:1	30	12562	12365029040
C77partition	9	2	AB	15	7	EHo:2,EAo:4,EBo:4,EOo:3,CHo:6,CAo:6,CAa:1,CBo:6,CBa:1,COo:7	30	13170	12557095200
C77partition	9	3	HO	16	5	EHo:3,EAo:3,EBo:3,EOo:4,CHo:4,CHa:1,CAo:8,CBo:8,COo:5,COa:1	30	12076	12453534352
C77partition	9	3	AB	15	6	EHo:3,EAo:3,EBo:3,EOo:4,CHo:5,CAo:7,CAa:1,CBo:7,CBa:1,COo:6	30	13970	12623398060
C77partition	9	4	HO	16	4	EHo:4,EAo:2,EBo:2,EOo:5,CHo:3,CHa:1,CAo:9,CBo:9,COo:4,COa:1	30	7437	12606858152
C77partition	9	4	AB	15	5	EHo:4,EAo:2,EBo:2,EOo:5,CHo:4,CAo:8,CAa:1,CBo:8,CBa:1,COo:5	30	9766	12759405232
C77partition	9	5	HO	16	3	EHo:5,EAo:1,EBo:1,EOo:6,CHo:2,CHa:1,CAo:10,CBo:10,COo:3,COa:1	30	2780	12839025080
C77partition	9	5	AB	15	4	EHo:5,EAo:1,EBo:1,EOo:6,CHo:3,CAo:9,CAa:1,CBo:9,CBa:1,COo:4	30	4192	12975123560
C77partition	9	6	HO	16	2	EHo:6,EOo:7,CHo:1,CHa:1,CAo:11,CBo:11,COo:2,COa:1	32	437	13181621180
C77partition	9	6	AB	15	3	EHo:6,EOo:7,CHo:2,CAo:10,CAa:1,CBo:10,CBa:1,COo:3	32	812	13299685280
C77partition	10	0	HO	16	9	EAo:6,EBo:6,EOo:1,CHo:8,CHa:1,CAo:4,CBo:4,COo:9,COa:1	31	2318	9799361572
C77partition	10	0	AB	15	10	EAo:6,EBo:6,EOo:1,CHo:9,CAo:3,CAa:1,CBo:3,CBa:1,COo:10	31	1590	9971881920
C77partition	10	1	HO	16	8	EHo:1,EAo:5,EBo:5,EOo:2,CHo:7,CHa:1,CAo:5,CBo:5,COo:8,COa:1	30	6936	9854328484
C77partition	10	1	AB	15	9	EHo:1,EAo:5,EBo:5,EOo:2,CHo:8,CAo:4,CAa:1,CBo:4,CBa:1,COo:9	30	5602	10011237236
C77partition	10	2	HO	16	7	EHo:2,EAo:4,EBo:4,EOo:3,CHo:6,CHa:1,CAo:6,CBo:6,COo:7,COa:1	30	11226	9921273284
C77partition	10	2	AB	15	8	EHo:2,EAo:4,EBo:4,EOo:3,CHo:7,CAo:5,CAa:1,CBo:5,CBa:1,COo:8	30	10258	10068242184
C77partition	10	3	HO	16	6	EHo:3,EAo:3,EBo:3,EOo:4,CHo:5,CHa:1,CAo:7,CBo:7,COo:6,COa:1	30	11858	10006512880
C77partition	10	3	AB	15	7	EHo:3,EAo:3,EBo:3,EOo:4,CHo:6,CAo:6,CAa:1,CBo:6,CBa:1,COo:7	30	12194	10146419140
C77partition	10	4	HO	16	5	EHo:4,EAo:2,EBo:2,EOo:5,CHo:4,CHa:1,CAo:8,CBo:8,COo:5,COa:1	30	8232	10116029672
C77partition	10	4	AB	15	6	EHo:4,EAo:2,EBo:2,EOo:5,CHo:5,CAo:7,CAa:1,CBo:7,CBa:1,COo:6	30	9388	10251000760
C77partition	10	5	HO	16	4	EHo:5,EAo:1,EBo:1,EOo:6,CHo:3,CHa:1,CAo:9,CBo:9,COo:4,COa:1	30	3600	10256268792
C77partition	10	5	AB	15	5	EHo:5,EAo:1,EBo:1,EOo:6,CHo:4,CAo:8,CAa:1,CBo:8,CBa:1,COo:5	30	4580	10389038800
C77partition	10	6	HO	16	3	EHo:6,EOo:7,CHo:2,CHa:1,CAo:10,CBo:10,COo:3,COa:1	32	706	10434972954
C77partition	10	6	AB	15	4	EHo:6,EOo:7,CHo:3,CAo:9,CAa:1,CBo:9,CBa:1,COo:4	32	1026	10568896996
C77partition	11	0	HO	16	10	EAo:6,EBo:6,EOo:1,CHo:9,CHa:1,CAo:3,CBo:3,COo:10,COa:1	31	1219	7136965836
C77partition	11	0	AB	15	11	EAo:6,EBo:6,EOo:1,CHo:10,CAo:2,CAa:1,CBo:2,CBa:1,COo:11	31	696	7162155000
C77partition	11	1	HO	16	9	EHo:1,EAo:5,EBo:5,EOo:2,CHo:8,CHa:1,CAo:4,CBo:4,COo:9,COa:1	30	4300	7286499220
C77partition	11	1	AB	15	10	EHo:1,EAo:5,EBo:5,EOo:2,CHo:9,CAo:3,CAa:1,CBo:3,CBa:1,COo:10	30	2922	7343884548
C77partition	11	2	HO	16	8	EHo:2,EAo:4,EBo:4,EOo:3,CHo:7,CHa:1,CAo:5,CBo:5,COo:8,COa:1	30	8036	7390811428
C77partition	11	2	AB	15	9	EHo:2,EAo:4,EBo:4,EOo:3,CHo:8,CAo:4,CAa:1,CBo:4,CBa:1,COo:9	30	6400	7463115660
C77partition	11	3	HO	16	7	EHo:3,EAo:3,EBo:3,EOo:4,CHo:6,CHa:1,CAo:6,CBo:6,COo:7,COa:1	30	9560	7477959892
C77partition	11	3	AB	15	8	EHo:3,EAo:3,EBo:3,EOo:4,CHo:7,CAo:5,CAa:1,CBo:5,CBa:1,COo:8	30	8652	7557923464
C77partition	11	4	HO	16	6	EHo:4,EAo:2,EBo:2,EOo:5,CHo:5,CHa:1,CAo:7,CBo:7,COo:6,COa:1	30	7301	7560263984
C77partition	11	4	AB	15	7	EHo:4,EAo:2,EBo:2,EOo:5,CHo:6,CAo:6,CAa:1,CBo:6,CBa:1,COo:7	30	7478	7644277888
C77partition	11	5	HO	16	5	EHo:5,EAo:1,EBo:1,EOo:6,CHo:4,CHa:1,CAo:8,CBo:8,COo:5,COa:1	30	3568	7642677392
C77partition	11	5	AB	15	6	EHo:5,EAo:1,EBo:1,EOo:6,CHo:5,CAo:7,CAa:1,CBo:7,CBa:1,COo:6	30	3976	7730016840
C77partition	11	6	HO	16	4	EHo:6,EOo:7,CHo:3,CHa:1,CAo:9,CBo:9,COo:4,COa:1	32	817	7724017084
C77partition	11	6	AB	15	5	EHo:6,EOo:7,CHo:4,CAo:8,CAa:1,CBo:8,CBa:1,COo:5	32	1018	7815538276
C77partition	12	0	HO	16	11	EAo:6,EBo:6,EOo:1,CHo:10,CHa:1,CAo:2,CBo:2,COo:11,COa:1	31	468	4612067460
C77partition	12	0	AB	15	12	EAo:6,EBo:6,EOo:1,CHo:11,CAo:1,CAa:1,CBo:1,CBa:1,COo:12	31	208	4534770240
C77partition	12	1	HO	16	10	EHo:1,EAo:5,EBo:5,EOo:2,CHo:9,CHa:1,CAo:3,CBo:3,COo:10,COa:1	30	1969	4789472688
C77partition	12	1	AB	15	11	EHo:1,EAo:5,EBo:5,EOo:2,CHo:10,CAo:2,CAa:1,CBo:2,CBa:1,COo:11	30	1116	4772607840
C77partition	12	2	HO	16	9	EHo:2,EAo:4,EBo:4,EOo:3,CHo:8,CHa:1,CAo:4,CBo:4,COo:9,COa:1	30	4322	4898445552
C77partition	12	2	AB	15	10	EHo:2,EAo:4,EBo:4,EOo:3,CHo:9,CAo:3,CAa:1,CBo:3,CBa:1,COo:10	30	2916	4911130224
C77partition	12	3	HO	16	8	EHo:3,EAo:3,EBo:3,EOo:4,CHo:7,CHa:1,CAo:5,CBo:5,COo:8,COa:1	30	5929	4976098764
C77partition	12	3	AB	15	9	EHo:3,EAo:3,EBo:3,EOo:4,CHo:8,CAo:4,CAa:1,CBo:4,CBa:1,COo:9	30	4688	5004334608
C77partition	12	4	HO	16	7	EHo:4,EAo:2,EBo:2,EOo:5,CHo:6,CHa:1,CAo:6,CBo:6,COo:7,COa:1	30	5088	5037893016
C77partition	12	4	AB	15	8	EHo:4,EAo:2,EBo:2,EOo:5,CHo:7,CAo:5,CAa:1,CBo:5,CBa:1,COo:8	30	4620	5074506528
C77partition	12	5	HO	16	6	EHo:5,EAo:1,EBo:1,EOo:6,CHo:5,CHa:1,CAo:7,CBo:7,COo:6,COa:1	30	2708	5089691880
C77partition	12	5	AB	15	7	EHo:5,EAo:1,EBo:1,EOo:6,CHo:6,CAo:6,CAa:1,CBo:6,CBa:1,COo:7	30	2736	5130842080
C77partition	12	6	HO	16	5	EHo:6,EOo:7,CHo:4,CHa:1,CAo:8,CBo:8,COo:5,COa:1	32	700	5130385358
C77partition	12	6	AB	15	6	EHo:6,EOo:7,CHo:5,CAo:7,CAa:1,CBo:7,CBa:1,COo:6	32	760	5174343720
C77partition	13	0	HO	16	12	EAo:6,EBo:6,EOo:1,CHo:11,CHa:1,CAo:1,CBo:1,COo:12,COa:1	31	104	2267385120
C77partition	13	0	AB	15	13	EAo:6,EBo:6,EOo:1,CHo:12,CAa:1,CBa:1,COo:13	33	26	2186407080
C77partition	13	1	HO	16	11	EHo:1,EAo:5,EBo:5,EOo:2,CHo:10,CHa:1,CAo:2,CBo:2,COo:11,COa:1	30	558	2386303920
C77partition	13	1	AB	15	12	EHo:1,EAo:5,EBo:5,EOo:2,CHo:11,CAo:1,CAa:1,CBo:1,CBa:1,COo:12	30	248	2354592240
C77partition	13	2	HO	16	10	EHo:2,EAo:4,EBo:4,EOo:3,CHo:9,CHa:1,CAo:3,CBo:3,COo:10,COa:1	30	1458	2455565112
C77partition	13	2	AB	15	11	EHo:2,EAo:4,EBo:4,EOo:3,CHo:10,CAo:2,CAa:1,CBo:2,CBa:1,COo:11	30	828	2447745300
C77partition	13	3	HO	16	9	EHo:3,EAo:3,EBo:3,EOo:4,CHo:8,CHa:1,CAo:4,CBo:4,COo:9,COa:1	30	2344	2502167304
C77partition	13	3	AB	15	10	EHo:3,EAo:3,EBo:3,EOo:4,CHo:9,CAo:3,CAa:1,CBo:3,CBa:1,COo:10	30	1580	2506729680
C77partition	13	4	HO	16	8	EHo:4,EAo:2,EBo:2,EOo:5,CHo:7,CHa:1,CAo:5,CBo:5,COo:8,COa:1	30	2310	2537253264
C77partition	13	4	AB	15	9	EHo:4,EAo:2,EBo:2,EOo:5,CHo:8,CAo:4,CAa:1,CBo:4,CBa:1,COo:9	30	1862	2548465920
C77partition	13	5	HO	16	7	EHo:5,EAo:1,EBo:1,EOo:6,CHo:6,CHa:1,CAo:6,CBo:6,COo:7,COa:1	30	1368	2565421040
C77partition	13	5	AB	15	8	EHo:5,EAo:1,EBo:1,EOo:6,CHo:7,CAo:5,CAa:1,CBo:5,CBa:1,COo:8	30	1248	2579900960
C77partition	13	6	HO	16	6	EHo:6,EOo:7,CHo:5,CHa:1,CAo:7,CBo:7,COo:6,COa:1	32	380	2587171860
C77partition	13	6	AB	15	7	EHo:6,EOo:7,CHo:6,CAo:6,CAa:1,CBo:6,CBa:1,COo:7	32	380	2603044080
