n	m_floor	edge_support	affine_endpoint_support	sample_support	hull_support	exact_direct_bound	ceiling	status
33	502	Gallai	s11:L=PRTT-7/3+BK-37/9,R=BK-37/9+BK-5	11	s11[45,54]	401605/54	7438	closed_directly
34	524	Gallai	s11:L=PRTT-7/3+BK-37/9,R=BK-37/9+BK-5	11	s11[45,54]	639716/81	7898	closed_directly
35	545	Gallai	s11:L=PRTT-7/3+BK-37/9,R=BK-37/9+BK-5	11	s11[45,54]	223240/27	8269	closed_directly
36	565	Gallai	s11:L=PRTT-7/3+BK-37/9,R=BK-37/9+BK-5	11	s11[45,54]	921145/108	8530	closed_directly
37	584	Gallai	s12:L=BK-37/9,R=BK-37/9+BK-5	12	s12[56,60]	871318/99	8802	closed_directly
38	602	Gallai	s12:L=BK-37/9,R=BK-37/9+BK-5	12	s12[56,60]	98749/11	8978	closed_directly
39	619	Gallai	s12:L=PRTT-7/3+BK-37/9,R=BK-37/9	12	s12[50,56]	99678/11	9062	closed_directly
40	635	Gallai	s14:L=BK-37/9+BK-5,R=BK-5	14	s14[72,91]	4235575/462	9168	closed_directly
41	650	Gallai	s13:L=BK-37/9,R=BK-37/9+BK-5	13	s13[58,66]	403807/44	9178	closed_directly
42	664	Gallai	s14:L=BK-37/9,R=BK-37/9+BK-5	14	s14[69,72]	302980/33	9182	closed_directly
43	677	Gallai	s16:L=BK-37/9+BK-5,R=BK-5	16	s16[84,120]	1663985/182	9143	closed_directly
44	689	Gallai	s16:L=BK-37/9+BK-5,R=BK-5	16	s16[84,120]	473181/52	9100	closed_directly
45	700	Gallai	s16:L=BK-37/9+BK-5,R=BK-5	16	s16[84,120]	465045/52	8944	closed_directly
46	710	Gallai	s17:L=BK-37/9+BK-5,R=BK-5	17	s17[90,136]	6289481/714	8809	closed_directly
47	719	Gallai	s18:L=BK-37/9+BK-5,R=BK-5	18	s18[95,153]	589875/68	8675	closed_directly
48	727	Gallai	s18:L=BK-37/9+BK-5,R=BK-5	18	s18[95,153]	1150575/136	8461	closed_directly
49	734	Gallai	s19:L=BK-37/9+BK-5,R=BK-5	19	s19[102,171]	31918687/3876	8235	closed_directly
50	740	Gallai	s20:L=BK-37/9+BK-5,R=BK-5	20	s20[108,190]	2577480/323	7980	closed_directly
51	745	Gallai	s21:L=BK-37/9+BK-5,R=BK-5	21	s21[114,210]	23240/3	7747	closed_directly
52	749	Gallai	s21:L=BK-37/9+BK-5,R=BK-5	21	s21[114,210]	1277045/171	7469	closed_directly
53	752	Gallai	s23:L=BK-37/9+BK-5,R=BK-5	23	s23[126,253]	1157105/161	7187	closed_directly
54	754	Barat-Toth+Gallai	s23:L=BK-37/9+BK-5,R=BK-5	23	s23[126,253]	5564117/805	6912	closed_by_disconnected_floor_766
55	768	Barat-Toth	s24:L=BK-37/9+BK-5,R=BK-5	24	s24[132,276]	12374440/1771	6988	frontier
56	781	Barat-Toth	s25:L=BK-37/9+BK-5,R=BK-5	25	s25[138,300]	810423/115	7048	closed_by_recursive_bound_7115
57	795	Barat-Toth	s25:L=BK-37/9+BK-5,R=BK-5	25	s25[138,300]	822987/115	7157	closed_directly
58	808	Barat-Toth	s25:L=BK-37/9+BK-5,R=BK-5	25	s25[138,300]	830074/115	7219	closed_directly
59	822	Barat-Toth	s26:L=BK-37/9+BK-5,R=BK-5	26	s26[144,325]	54543167/7475	7297	closed_directly
60	835	Barat-Toth	s27:L=BK-37/9+BK-5,R=BK-5	27	s27[149,351]	17224811/2340	7362	closed_directly
61	849	Barat-Toth	s27:L=BK-37/9+BK-5,R=BK-5	27	s27[149,351]	52437017/7020	7470	closed_directly
62	862	Barat-Toth	s27:L=BK-37/9+BK-5,R=BK-5	27	s27[149,351]	26442443/3510	7534	closed_directly
63	876	Barat-Toth	s28:L=BK-37/9+BK-5,R=BK-5	28	s28[156,378]	494954/65	7615	closed_directly
64	889	Barat-Toth	s28:L=BK-37/9+BK-5,R=BK-5	28	s28[156,378]	7486469/975	7679	closed_directly
65	903	Barat-Toth	s29:L=BK-37/9+BK-5,R=BK-5	29	s29[162,406]	100905/13	7762	closed_directly
66	916	Barat-Toth	s30:L=BK-37/9+BK-5,R=BK-5	30	s30[168,435]	681392/87	7833	closed_directly
67	930	Barat-Toth	s30:L=BK-37/9+BK-5,R=BK-5	30	s30[168,435]	43514224/5481	7940	closed_directly
68	943	Barat-Toth	s30:L=BK-37/9+BK-5,R=BK-5	30	s30[168,435]	87745801/10962	8005	closed_directly
69	957	Barat-Toth	s31:L=BK-37/9+BK-5,R=BK-5	31	s31[174,465]	509076117/62930	8090	closed_directly
70	970	Barat-Toth	s32:L=BK-37/9+BK-5,R=BK-5	32	s32[180,496]	44025767/5394	8162	closed_directly
71	984	Barat-Toth	s32:L=BK-37/9+BK-5,R=BK-5	32	s32[180,496]	14866993/1798	8269	closed_directly
72	997	Barat-Toth	s32:L=BK-37/9+BK-5,R=BK-5	32	s32[180,496]	7493584/899	8336	closed_directly
73	1011	Barat-Toth	s33:L=BK-37/9+BK-5,R=BK-5	33	s33[186,528]	11487161/1364	8422	closed_directly
74	1024	Barat-Toth	s34:L=BK-37/9+BK-5,R=BK-5	34	s34[192,561]	197003487/23188	8496	closed_directly
75	1038	Barat-Toth	s34:L=BK-37/9+BK-5,R=BK-5	34	s34[192,561]	199468485/23188	8603	closed_directly
76	1051	Barat-Toth	s34:L=BK-37/9+BK-5,R=BK-5	34	s34[192,561]	804182235/92752	8671	closed_directly
77	1065	Barat-Toth	s35:L=BK-37/9+BK-5,R=BK-5	35	s35[198,595]	26202105/2992	8758	closed_directly
78	1078	Barat-Toth	s36:L=BK-37/9+BK-5,R=BK-5	36	s36[203,630]	450490/51	8834	closed_directly
79	1092	Barat-Toth	s36:L=BK-37/9+BK-5,R=BK-5	36	s36[203,630]	6838442/765	8940	closed_directly
80	1105	Barat-Toth	s36:L=BK-37/9+BK-5,R=BK-5	36	s36[203,630]	1378247/153	9009	closed_directly
81	1119	Barat-Toth	s37:L=BK-37/9+BK-5,R=BK-5	37	s37[210,666]	5721417/629	9097	closed_directly
82	1132	Kostochka-Yancey+Barat-Toth	s37:L=BK-37/9+BK-5,R=BK-5	37	s37[210,666]	40352884/4403	9165	closed_directly
83	1146	Kostochka-Yancey	s38:L=BK-37/9+BK-5,R=BK-5	38	s38[216,703]	45538344/4921	9254	closed_directly
84	1160	Kostochka-Yancey	s39:L=BK-37/9+BK-5,R=BK-5	39	s39[222,741]	85514274/9139	9358	closed_directly
85	1174	Kostochka-Yancey	s39:L=BK-37/9+BK-5,R=BK-5	39	s39[222,741]	778317145/82251	9463	closed_directly
86	1188	Kostochka-Yancey	s39:L=BK-37/9+BK-5,R=BK-5	39	s39[222,741]	262083290/27417	9560	closed_directly
87	1202	Kostochka-Yancey	s40:L=BK-37/9+BK-5,R=BK-5	40	s40[228,780]	176329797/18278	9648	closed_directly
88	1216	Kostochka-Yancey	s41:L=BK-37/9+BK-5,R=BK-5	41	s41[234,820]	22784539/2337	9750	closed_directly
89	1230	Kostochka-Yancey	s41:L=BK-37/9+BK-5,R=BK-5	41	s41[234,820]	499060623/50635	9857	closed_directly
90	1244	Kostochka-Yancey	s41:L=BK-37/9+BK-5,R=BK-5	41	s41[234,820]	100804319/10127	9955	closed_directly
91	1258	Kostochka-Yancey	s41:L=BK-37/9+BK-5,R=BK-5	41	s41[234,820]	305114161/30381	10043	closed_directly
92	1272	Kostochka-Yancey	s43:L=BK-37/9+BK-5,R=BK-5	43	s43[246,903]	17881524/1763	10143	closed_directly
93	1286	Kostochka-Yancey	s43:L=BK-37/9+BK-5,R=BK-5	43	s43[246,903]	36141651/3526	10251	closed_directly
94	1300	Kostochka-Yancey	s43:L=BK-37/9+BK-5,R=BK-5	43	s43[246,903]	91229684/8815	10350	closed_directly
95	1314	Kostochka-Yancey	s43:L=BK-37/9+BK-5,R=BK-5	43	s43[246,903]	18406095/1763	10441	closed_directly
96	1328	Kostochka-Yancey	s45:L=BK-37/9+BK-5,R=BK-5	45	s45[257,990]	34886408/3311	10537	closed_directly
97	1342	Kostochka-Yancey	s45:L=BK-37/9+BK-5,R=BK-5	45	s45[257,990]	105732986/9933	10645	closed_directly
98	1356	Kostochka-Yancey	s45:L=BK-37/9+BK-5,R=BK-5	45	s45[257,990]	106731512/9933	10746	closed_directly
99	1370	Kostochka-Yancey	s45:L=BK-37/9+BK-5,R=BK-5	45	s45[257,990]	16310744/1505	10838	closed_directly
