index	family	c	k	pattern	selector	H	exterior	E_columns	C_columns	rows
0	E8	9	0	A	13245	15,16,17,18,19,20,21,22,23	32	0	9	45
1	E8	9	1	H	13246	2,15,16,17,18,19,20,21,22	32	1	8	45
2	E8	9	1	A	13247	2,15,16,17,18,19,20,21,22	32	1	8	45
3	E8	9	2	H	13248	2,3,15,16,17,18,19,20,21	32	2	7	45
4	E8	9	2	A	13249	2,3,15,16,17,18,19,20,21	32	2	7	45
5	E8	9	3	H	13250	2,3,4,15,16,17,18,19,20	32	3	6	45
6	E8	9	3	A	13251	2,3,4,15,16,17,18,19,20	32	3	6	45
7	E8	9	4	H	13252	2,3,4,5,15,16,17,18,19	32	4	5	45
8	E8	9	4	A	13253	2,3,4,5,15,16,17,18,19	32	4	5	45
9	E8	9	5	H	13254	2,3,4,5,6,15,16,17,18	32	5	4	45
10	E8	9	5	A	13255	2,3,4,5,6,15,16,17,18	32	5	4	45
11	E8	9	6	H	13256	2,3,4,5,6,7,15,16,17	32	6	3	45
12	E8	10	0	A	13257	15,16,17,18,19,20,21,22,23,24	31	0	10	40
13	E8	10	1	H	13258	2,15,16,17,18,19,20,21,22,23	31	1	9	40
14	E8	10	1	A	13259	2,15,16,17,18,19,20,21,22,23	31	1	9	40
15	E8	10	2	H	13260	2,3,15,16,17,18,19,20,21,22	31	2	8	40
16	E8	10	2	A	13261	2,3,15,16,17,18,19,20,21,22	31	2	8	40
17	E8	10	3	H	13262	2,3,4,15,16,17,18,19,20,21	31	3	7	40
18	E8	10	3	A	13263	2,3,4,15,16,17,18,19,20,21	31	3	7	40
19	E8	10	4	H	13264	2,3,4,5,15,16,17,18,19,20	31	4	6	40
20	E8	10	4	A	13265	2,3,4,5,15,16,17,18,19,20	31	4	6	40
21	E8	10	5	H	13266	2,3,4,5,6,15,16,17,18,19	31	5	5	40
22	E8	10	5	A	13267	2,3,4,5,6,15,16,17,18,19	31	5	5	40
23	E8	10	6	H	13268	2,3,4,5,6,7,15,16,17,18	31	6	4	40
24	E8	11	0	A	13269	15,16,17,18,19,20,21,22,23,24,25	30	0	11	33
25	E8	11	1	H	13270	2,15,16,17,18,19,20,21,22,23,24	30	1	10	33
26	E8	11	1	A	13271	2,15,16,17,18,19,20,21,22,23,24	30	1	10	33
27	E8	11	2	H	13272	2,3,15,16,17,18,19,20,21,22,23	30	2	9	33
28	E8	11	2	A	13273	2,3,15,16,17,18,19,20,21,22,23	30	2	9	33
29	E8	11	3	H	13274	2,3,4,15,16,17,18,19,20,21,22	30	3	8	33
30	E8	11	3	A	13275	2,3,4,15,16,17,18,19,20,21,22	30	3	8	33
31	E8	11	4	H	13276	2,3,4,5,15,16,17,18,19,20,21	30	4	7	33
32	E8	11	4	A	13277	2,3,4,5,15,16,17,18,19,20,21	30	4	7	33
33	E8	11	5	H	13278	2,3,4,5,6,15,16,17,18,19,20	30	5	6	33
34	E8	11	5	A	13279	2,3,4,5,6,15,16,17,18,19,20	30	5	6	33
35	E8	11	6	H	13280	2,3,4,5,6,7,15,16,17,18,19	30	6	5	33
36	E8	12	0	A	13281	15,16,17,18,19,20,21,22,23,24,25,26	29	0	12	24
37	E8	12	1	H	13282	2,15,16,17,18,19,20,21,22,23,24,25	29	1	11	24
38	E8	12	1	A	13283	2,15,16,17,18,19,20,21,22,23,24,25	29	1	11	24
39	E8	12	2	H	13284	2,3,15,16,17,18,19,20,21,22,23,24	29	2	10	24
40	E8	12	2	A	13285	2,3,15,16,17,18,19,20,21,22,23,24	29	2	10	24
41	E8	12	3	H	13286	2,3,4,15,16,17,18,19,20,21,22,23	29	3	9	24
42	E8	12	3	A	13287	2,3,4,15,16,17,18,19,20,21,22,23	29	3	9	24
43	E8	12	4	H	13288	2,3,4,5,15,16,17,18,19,20,21,22	29	4	8	24
44	E8	12	4	A	13289	2,3,4,5,15,16,17,18,19,20,21,22	29	4	8	24
45	E8	12	5	H	13290	2,3,4,5,6,15,16,17,18,19,20,21	29	5	7	24
46	E8	12	5	A	13291	2,3,4,5,6,15,16,17,18,19,20,21	29	5	7	24
47	E8	12	6	H	13292	2,3,4,5,6,7,15,16,17,18,19,20	29	6	6	24
48	E8	13	0	A	13293	15,16,17,18,19,20,21,22,23,24,25,26,27	28	0	13	26
49	E8	13	1	H	13294	2,15,16,17,18,19,20,21,22,23,24,25,26	28	1	12	26
50	E8	13	1	A	13295	2,15,16,17,18,19,20,21,22,23,24,25,26	28	1	12	26
51	E8	13	2	H	13296	2,3,15,16,17,18,19,20,21,22,23,24,25	28	2	11	26
52	E8	13	2	A	13297	2,3,15,16,17,18,19,20,21,22,23,24,25	28	2	11	26
53	E8	13	3	H	13298	2,3,4,15,16,17,18,19,20,21,22,23,24	28	3	10	26
54	E8	13	3	A	13299	2,3,4,15,16,17,18,19,20,21,22,23,24	28	3	10	26
55	E8	13	4	H	13300	2,3,4,5,15,16,17,18,19,20,21,22,23	28	4	9	26
56	E8	13	4	A	13301	2,3,4,5,15,16,17,18,19,20,21,22,23	28	4	9	26
57	E8	13	5	H	13302	2,3,4,5,6,15,16,17,18,19,20,21,22	28	5	8	26
58	E8	13	5	A	13303	2,3,4,5,6,15,16,17,18,19,20,21,22	28	5	8	26
59	E8	13	6	H	13304	2,3,4,5,6,7,15,16,17,18,19,20,21	28	6	7	26
60	E77	9	0	BB	13305	15,16,17,18,19,20,21,22,23	32	0	9	45
61	E77	9	0	BO	13306	15,16,17,18,19,20,21,22,23	32	0	9	45
62	E77	9	1	BB	13307	2,15,16,17,18,19,20,21,22	32	1	8	45
63	E77	9	1	BO	13308	2,15,16,17,18,19,20,21,22	32	1	8	45
64	E77	9	1	OO	13309	2,15,16,17,18,19,20,21,22	32	1	8	45
65	E77	9	2	BB	13310	2,3,15,16,17,18,19,20,21	32	2	7	45
66	E77	9	2	BO	13311	2,3,15,16,17,18,19,20,21	32	2	7	45
67	E77	9	2	OO	13312	2,3,15,16,17,18,19,20,21	32	2	7	45
68	E77	9	3	BB	13313	2,3,4,15,16,17,18,19,20	32	3	6	45
69	E77	9	3	BO	13314	2,3,4,15,16,17,18,19,20	32	3	6	45
70	E77	9	3	OO	13315	2,3,4,15,16,17,18,19,20	32	3	6	45
71	E77	9	4	BB	13316	2,3,4,5,15,16,17,18,19	32	4	5	45
72	E77	9	4	BO	13317	2,3,4,5,15,16,17,18,19	32	4	5	45
73	E77	9	4	OO	13318	2,3,4,5,15,16,17,18,19	32	4	5	45
74	E77	9	5	BO	13319	2,3,4,5,6,15,16,17,18	32	5	4	45
75	E77	9	5	OO	13320	2,3,4,5,6,15,16,17,18	32	5	4	45
76	E77	9	6	OO	13321	2,3,4,5,6,7,15,16,17	32	6	3	45
77	E77	10	0	BB	13322	15,16,17,18,19,20,21,22,23,24	31	0	10	40
78	E77	10	0	BO	13323	15,16,17,18,19,20,21,22,23,24	31	0	10	40
79	E77	10	1	BB	13324	2,15,16,17,18,19,20,21,22,23	31	1	9	40
80	E77	10	1	BO	13325	2,15,16,17,18,19,20,21,22,23	31	1	9	40
81	E77	10	1	OO	13326	2,15,16,17,18,19,20,21,22,23	31	1	9	40
82	E77	10	2	BB	13327	2,3,15,16,17,18,19,20,21,22	31	2	8	40
83	E77	10	2	BO	13328	2,3,15,16,17,18,19,20,21,22	31	2	8	40
84	E77	10	2	OO	13329	2,3,15,16,17,18,19,20,21,22	31	2	8	40
85	E77	10	3	BB	13330	2,3,4,15,16,17,18,19,20,21	31	3	7	40
86	E77	10	3	BO	13331	2,3,4,15,16,17,18,19,20,21	31	3	7	40
87	E77	10	3	OO	13332	2,3,4,15,16,17,18,19,20,21	31	3	7	40
88	E77	10	4	BB	13333	2,3,4,5,15,16,17,18,19,20	31	4	6	40
89	E77	10	4	BO	13334	2,3,4,5,15,16,17,18,19,20	31	4	6	40
90	E77	10	4	OO	13335	2,3,4,5,15,16,17,18,19,20	31	4	6	40
91	E77	10	5	BO	13336	2,3,4,5,6,15,16,17,18,19	31	5	5	40
92	E77	10	5	OO	13337	2,3,4,5,6,15,16,17,18,19	31	5	5	40
93	E77	10	6	OO	13338	2,3,4,5,6,7,15,16,17,18	31	6	4	40
94	E77	11	0	BB	13339	15,16,17,18,19,20,21,22,23,24,25	30	0	11	33
95	E77	11	0	BO	13340	15,16,17,18,19,20,21,22,23,24,25	30	0	11	33
96	E77	11	1	BB	13341	2,15,16,17,18,19,20,21,22,23,24	30	1	10	33
97	E77	11	1	BO	13342	2,15,16,17,18,19,20,21,22,23,24	30	1	10	33
98	E77	11	1	OO	13343	2,15,16,17,18,19,20,21,22,23,24	30	1	10	33
99	E77	11	2	BB	13344	2,3,15,16,17,18,19,20,21,22,23	30	2	9	33
100	E77	11	2	BO	13345	2,3,15,16,17,18,19,20,21,22,23	30	2	9	33
101	E77	11	2	OO	13346	2,3,15,16,17,18,19,20,21,22,23	30	2	9	33
102	E77	11	3	BB	13347	2,3,4,15,16,17,18,19,20,21,22	30	3	8	33
103	E77	11	3	BO	13348	2,3,4,15,16,17,18,19,20,21,22	30	3	8	33
104	E77	11	3	OO	13349	2,3,4,15,16,17,18,19,20,21,22	30	3	8	33
105	E77	11	4	BB	13350	2,3,4,5,15,16,17,18,19,20,21	30	4	7	33
106	E77	11	4	BO	13351	2,3,4,5,15,16,17,18,19,20,21	30	4	7	33
107	E77	11	4	OO	13352	2,3,4,5,15,16,17,18,19,20,21	30	4	7	33
108	E77	11	5	BO	13353	2,3,4,5,6,15,16,17,18,19,20	30	5	6	33
109	E77	11	5	OO	13354	2,3,4,5,6,15,16,17,18,19,20	30	5	6	33
110	E77	11	6	OO	13355	2,3,4,5,6,7,15,16,17,18,19	30	6	5	33
111	E77	12	0	BB	13356	15,16,17,18,19,20,21,22,23,24,25,26	29	0	12	24
112	E77	12	0	BO	13357	15,16,17,18,19,20,21,22,23,24,25,26	29	0	12	24
113	E77	12	1	BB	13358	2,15,16,17,18,19,20,21,22,23,24,25	29	1	11	24
114	E77	12	1	BO	13359	2,15,16,17,18,19,20,21,22,23,24,25	29	1	11	24
115	E77	12	1	OO	13360	2,15,16,17,18,19,20,21,22,23,24,25	29	1	11	24
116	E77	12	2	BB	13361	2,3,15,16,17,18,19,20,21,22,23,24	29	2	10	24
117	E77	12	2	BO	13362	2,3,15,16,17,18,19,20,21,22,23,24	29	2	10	24
118	E77	12	2	OO	13363	2,3,15,16,17,18,19,20,21,22,23,24	29	2	10	24
119	E77	12	3	BB	13364	2,3,4,15,16,17,18,19,20,21,22,23	29	3	9	24
120	E77	12	3	BO	13365	2,3,4,15,16,17,18,19,20,21,22,23	29	3	9	24
121	E77	12	3	OO	13366	2,3,4,15,16,17,18,19,20,21,22,23	29	3	9	24
122	E77	12	4	BB	13367	2,3,4,5,15,16,17,18,19,20,21,22	29	4	8	24
123	E77	12	4	BO	13368	2,3,4,5,15,16,17,18,19,20,21,22	29	4	8	24
124	E77	12	4	OO	13369	2,3,4,5,15,16,17,18,19,20,21,22	29	4	8	24
125	E77	12	5	BO	13370	2,3,4,5,6,15,16,17,18,19,20,21	29	5	7	24
126	E77	12	5	OO	13371	2,3,4,5,6,15,16,17,18,19,20,21	29	5	7	24
127	E77	12	6	OO	13372	2,3,4,5,6,7,15,16,17,18,19,20	29	6	6	24
128	E77	13	0	BB	13373	15,16,17,18,19,20,21,22,23,24,25,26,27	28	0	13	26
129	E77	13	0	BO	13374	15,16,17,18,19,20,21,22,23,24,25,26,27	28	0	13	26
130	E77	13	1	BB	13375	2,15,16,17,18,19,20,21,22,23,24,25,26	28	1	12	26
131	E77	13	1	BO	13376	2,15,16,17,18,19,20,21,22,23,24,25,26	28	1	12	26
132	E77	13	1	OO	13377	2,15,16,17,18,19,20,21,22,23,24,25,26	28	1	12	26
133	E77	13	2	BB	13378	2,3,15,16,17,18,19,20,21,22,23,24,25	28	2	11	26
134	E77	13	2	BO	13379	2,3,15,16,17,18,19,20,21,22,23,24,25	28	2	11	26
135	E77	13	2	OO	13380	2,3,15,16,17,18,19,20,21,22,23,24,25	28	2	11	26
136	E77	13	3	BB	13381	2,3,4,15,16,17,18,19,20,21,22,23,24	28	3	10	26
137	E77	13	3	BO	13382	2,3,4,15,16,17,18,19,20,21,22,23,24	28	3	10	26
138	E77	13	3	OO	13383	2,3,4,15,16,17,18,19,20,21,22,23,24	28	3	10	26
139	E77	13	4	BB	13384	2,3,4,5,15,16,17,18,19,20,21,22,23	28	4	9	26
140	E77	13	4	BO	13385	2,3,4,5,15,16,17,18,19,20,21,22,23	28	4	9	26
141	E77	13	4	OO	13386	2,3,4,5,15,16,17,18,19,20,21,22,23	28	4	9	26
142	E77	13	5	BO	13387	2,3,4,5,6,15,16,17,18,19,20,21,22	28	5	8	26
143	E77	13	5	OO	13388	2,3,4,5,6,15,16,17,18,19,20,21,22	28	5	8	26
144	E77	13	6	OO	13389	2,3,4,5,6,7,15,16,17,18,19,20,21	28	6	7	26
145	C8	9	0	B	13390	15,16,17,18,19,20,21,22,23	32	0	9	45
146	C8	9	0	O	13391	15,16,17,18,19,20,21,22,23	32	0	9	45
147	C8	9	1	B	13392	2,15,16,17,18,19,20,21,22	32	1	8	45
148	C8	9	1	O	13393	2,15,16,17,18,19,20,21,22	32	1	8	45
149	C8	9	2	B	13394	2,3,15,16,17,18,19,20,21	32	2	7	45
150	C8	9	2	O	13395	2,3,15,16,17,18,19,20,21	32	2	7	45
151	C8	9	3	B	13396	2,3,4,15,16,17,18,19,20	32	3	6	45
152	C8	9	3	O	13397	2,3,4,15,16,17,18,19,20	32	3	6	45
153	C8	9	4	B	13398	2,3,4,5,15,16,17,18,19	32	4	5	45
154	C8	9	4	O	13399	2,3,4,5,15,16,17,18,19	32	4	5	45
155	C8	9	5	B	13400	2,3,4,5,6,15,16,17,18	32	5	4	45
156	C8	9	5	O	13401	2,3,4,5,6,15,16,17,18	32	5	4	45
157	C8	9	6	B	13402	2,3,4,5,6,7,15,16,17	32	6	3	45
158	C8	9	6	O	13403	2,3,4,5,6,7,15,16,17	32	6	3	45
159	C8	10	0	B	13404	15,16,17,18,19,20,21,22,23,24	31	0	10	40
160	C8	10	0	O	13405	15,16,17,18,19,20,21,22,23,24	31	0	10	40
161	C8	10	1	B	13406	2,15,16,17,18,19,20,21,22,23	31	1	9	40
162	C8	10	1	O	13407	2,15,16,17,18,19,20,21,22,23	31	1	9	40
163	C8	10	2	B	13408	2,3,15,16,17,18,19,20,21,22	31	2	8	40
164	C8	10	2	O	13409	2,3,15,16,17,18,19,20,21,22	31	2	8	40
165	C8	10	3	B	13410	2,3,4,15,16,17,18,19,20,21	31	3	7	40
166	C8	10	3	O	13411	2,3,4,15,16,17,18,19,20,21	31	3	7	40
167	C8	10	4	B	13412	2,3,4,5,15,16,17,18,19,20	31	4	6	40
168	C8	10	4	O	13413	2,3,4,5,15,16,17,18,19,20	31	4	6	40
169	C8	10	5	B	13414	2,3,4,5,6,15,16,17,18,19	31	5	5	40
170	C8	10	5	O	13415	2,3,4,5,6,15,16,17,18,19	31	5	5	40
171	C8	10	6	B	13416	2,3,4,5,6,7,15,16,17,18	31	6	4	40
172	C8	10	6	O	13417	2,3,4,5,6,7,15,16,17,18	31	6	4	40
173	C8	11	0	B	13418	15,16,17,18,19,20,21,22,23,24,25	30	0	11	33
174	C8	11	0	O	13419	15,16,17,18,19,20,21,22,23,24,25	30	0	11	33
175	C8	11	1	B	13420	2,15,16,17,18,19,20,21,22,23,24	30	1	10	33
176	C8	11	1	O	13421	2,15,16,17,18,19,20,21,22,23,24	30	1	10	33
177	C8	11	2	B	13422	2,3,15,16,17,18,19,20,21,22,23	30	2	9	33
178	C8	11	2	O	13423	2,3,15,16,17,18,19,20,21,22,23	30	2	9	33
179	C8	11	3	B	13424	2,3,4,15,16,17,18,19,20,21,22	30	3	8	33
180	C8	11	3	O	13425	2,3,4,15,16,17,18,19,20,21,22	30	3	8	33
181	C8	11	4	B	13426	2,3,4,5,15,16,17,18,19,20,21	30	4	7	33
182	C8	11	4	O	13427	2,3,4,5,15,16,17,18,19,20,21	30	4	7	33
183	C8	11	5	B	13428	2,3,4,5,6,15,16,17,18,19,20	30	5	6	33
184	C8	11	5	O	13429	2,3,4,5,6,15,16,17,18,19,20	30	5	6	33
185	C8	11	6	B	13430	2,3,4,5,6,7,15,16,17,18,19	30	6	5	33
186	C8	11	6	O	13431	2,3,4,5,6,7,15,16,17,18,19	30	6	5	33
187	C8	12	0	B	13432	15,16,17,18,19,20,21,22,23,24,25,26	29	0	12	24
188	C8	12	0	O	13433	15,16,17,18,19,20,21,22,23,24,25,26	29	0	12	24
189	C8	12	1	B	13434	2,15,16,17,18,19,20,21,22,23,24,25	29	1	11	24
190	C8	12	1	O	13435	2,15,16,17,18,19,20,21,22,23,24,25	29	1	11	24
191	C8	12	2	B	13436	2,3,15,16,17,18,19,20,21,22,23,24	29	2	10	24
192	C8	12	2	O	13437	2,3,15,16,17,18,19,20,21,22,23,24	29	2	10	24
193	C8	12	3	B	13438	2,3,4,15,16,17,18,19,20,21,22,23	29	3	9	24
194	C8	12	3	O	13439	2,3,4,15,16,17,18,19,20,21,22,23	29	3	9	24
195	C8	12	4	B	13440	2,3,4,5,15,16,17,18,19,20,21,22	29	4	8	24
196	C8	12	4	O	13441	2,3,4,5,15,16,17,18,19,20,21,22	29	4	8	24
197	C8	12	5	B	13442	2,3,4,5,6,15,16,17,18,19,20,21	29	5	7	24
198	C8	12	5	O	13443	2,3,4,5,6,15,16,17,18,19,20,21	29	5	7	24
199	C8	12	6	B	13444	2,3,4,5,6,7,15,16,17,18,19,20	29	6	6	24
200	C8	12	6	O	13445	2,3,4,5,6,7,15,16,17,18,19,20	29	6	6	24
201	C8	13	0	B	13446	15,16,17,18,19,20,21,22,23,24,25,26,27	28	0	13	26
202	C8	13	0	O	13447	15,16,17,18,19,20,21,22,23,24,25,26,27	28	0	13	26
203	C8	13	1	B	13448	2,15,16,17,18,19,20,21,22,23,24,25,26	28	1	12	26
204	C8	13	1	O	13449	2,15,16,17,18,19,20,21,22,23,24,25,26	28	1	12	26
205	C8	13	2	B	13450	2,3,15,16,17,18,19,20,21,22,23,24,25	28	2	11	26
206	C8	13	2	O	13451	2,3,15,16,17,18,19,20,21,22,23,24,25	28	2	11	26
207	C8	13	3	B	13452	2,3,4,15,16,17,18,19,20,21,22,23,24	28	3	10	26
208	C8	13	3	O	13453	2,3,4,15,16,17,18,19,20,21,22,23,24	28	3	10	26
209	C8	13	4	B	13454	2,3,4,5,15,16,17,18,19,20,21,22,23	28	4	9	26
210	C8	13	4	O	13455	2,3,4,5,15,16,17,18,19,20,21,22,23	28	4	9	26
211	C8	13	5	B	13456	2,3,4,5,6,15,16,17,18,19,20,21,22	28	5	8	26
212	C8	13	5	O	13457	2,3,4,5,6,15,16,17,18,19,20,21,22	28	5	8	26
213	C8	13	6	B	13458	2,3,4,5,6,7,15,16,17,18,19,20,21	28	6	7	26
214	C8	13	6	O	13459	2,3,4,5,6,7,15,16,17,18,19,20,21	28	6	7	26
215	C77	9	0	BB	13460	15,16,17,18,19,20,21,22,23	32	0	9	45
216	C77	9	0	BO	13461	15,16,17,18,19,20,21,22,23	32	0	9	45
217	C77	9	0	OO	13462	15,16,17,18,19,20,21,22,23	32	0	9	45
218	C77	9	1	BB	13463	2,15,16,17,18,19,20,21,22	32	1	8	45
219	C77	9	1	BO	13464	2,15,16,17,18,19,20,21,22	32	1	8	45
220	C77	9	1	OO	13465	2,15,16,17,18,19,20,21,22	32	1	8	45
221	C77	9	2	BB	13466	2,3,15,16,17,18,19,20,21	32	2	7	45
222	C77	9	2	BO	13467	2,3,15,16,17,18,19,20,21	32	2	7	45
223	C77	9	2	OO	13468	2,3,15,16,17,18,19,20,21	32	2	7	45
224	C77	9	3	BB	13469	2,3,4,15,16,17,18,19,20	32	3	6	45
225	C77	9	3	BO	13470	2,3,4,15,16,17,18,19,20	32	3	6	45
226	C77	9	3	OO	13471	2,3,4,15,16,17,18,19,20	32	3	6	45
227	C77	9	4	BB	13472	2,3,4,5,15,16,17,18,19	32	4	5	45
228	C77	9	4	BO	13473	2,3,4,5,15,16,17,18,19	32	4	5	45
229	C77	9	4	OO	13474	2,3,4,5,15,16,17,18,19	32	4	5	45
230	C77	9	5	BB	13475	2,3,4,5,6,15,16,17,18	32	5	4	45
231	C77	9	5	BO	13476	2,3,4,5,6,15,16,17,18	32	5	4	45
232	C77	9	5	OO	13477	2,3,4,5,6,15,16,17,18	32	5	4	45
233	C77	9	6	BB	13478	2,3,4,5,6,7,15,16,17	32	6	3	45
234	C77	9	6	BO	13479	2,3,4,5,6,7,15,16,17	32	6	3	45
235	C77	9	6	OO	13480	2,3,4,5,6,7,15,16,17	32	6	3	45
236	C77	10	0	BB	13481	15,16,17,18,19,20,21,22,23,24	31	0	10	40
237	C77	10	0	BO	13482	15,16,17,18,19,20,21,22,23,24	31	0	10	40
238	C77	10	0	OO	13483	15,16,17,18,19,20,21,22,23,24	31	0	10	40
239	C77	10	1	BB	13484	2,15,16,17,18,19,20,21,22,23	31	1	9	40
240	C77	10	1	BO	13485	2,15,16,17,18,19,20,21,22,23	31	1	9	40
241	C77	10	1	OO	13486	2,15,16,17,18,19,20,21,22,23	31	1	9	40
242	C77	10	2	BB	13487	2,3,15,16,17,18,19,20,21,22	31	2	8	40
243	C77	10	2	BO	13488	2,3,15,16,17,18,19,20,21,22	31	2	8	40
244	C77	10	2	OO	13489	2,3,15,16,17,18,19,20,21,22	31	2	8	40
245	C77	10	3	BB	13490	2,3,4,15,16,17,18,19,20,21	31	3	7	40
246	C77	10	3	BO	13491	2,3,4,15,16,17,18,19,20,21	31	3	7	40
247	C77	10	3	OO	13492	2,3,4,15,16,17,18,19,20,21	31	3	7	40
248	C77	10	4	BB	13493	2,3,4,5,15,16,17,18,19,20	31	4	6	40
249	C77	10	4	BO	13494	2,3,4,5,15,16,17,18,19,20	31	4	6	40
250	C77	10	4	OO	13495	2,3,4,5,15,16,17,18,19,20	31	4	6	40
251	C77	10	5	BB	13496	2,3,4,5,6,15,16,17,18,19	31	5	5	40
252	C77	10	5	BO	13497	2,3,4,5,6,15,16,17,18,19	31	5	5	40
253	C77	10	5	OO	13498	2,3,4,5,6,15,16,17,18,19	31	5	5	40
254	C77	10	6	BB	13499	2,3,4,5,6,7,15,16,17,18	31	6	4	40
255	C77	10	6	BO	13500	2,3,4,5,6,7,15,16,17,18	31	6	4	40
256	C77	10	6	OO	13501	2,3,4,5,6,7,15,16,17,18	31	6	4	40
257	C77	11	0	BB	13502	15,16,17,18,19,20,21,22,23,24,25	30	0	11	33
258	C77	11	0	BO	13503	15,16,17,18,19,20,21,22,23,24,25	30	0	11	33
259	C77	11	0	OO	13504	15,16,17,18,19,20,21,22,23,24,25	30	0	11	33
260	C77	11	1	BB	13505	2,15,16,17,18,19,20,21,22,23,24	30	1	10	33
261	C77	11	1	BO	13506	2,15,16,17,18,19,20,21,22,23,24	30	1	10	33
262	C77	11	1	OO	13507	2,15,16,17,18,19,20,21,22,23,24	30	1	10	33
263	C77	11	2	BB	13508	2,3,15,16,17,18,19,20,21,22,23	30	2	9	33
264	C77	11	2	BO	13509	2,3,15,16,17,18,19,20,21,22,23	30	2	9	33
265	C77	11	2	OO	13510	2,3,15,16,17,18,19,20,21,22,23	30	2	9	33
266	C77	11	3	BB	13511	2,3,4,15,16,17,18,19,20,21,22	30	3	8	33
267	C77	11	3	BO	13512	2,3,4,15,16,17,18,19,20,21,22	30	3	8	33
268	C77	11	3	OO	13513	2,3,4,15,16,17,18,19,20,21,22	30	3	8	33
269	C77	11	4	BB	13514	2,3,4,5,15,16,17,18,19,20,21	30	4	7	33
270	C77	11	4	BO	13515	2,3,4,5,15,16,17,18,19,20,21	30	4	7	33
271	C77	11	4	OO	13516	2,3,4,5,15,16,17,18,19,20,21	30	4	7	33
272	C77	11	5	BB	13517	2,3,4,5,6,15,16,17,18,19,20	30	5	6	33
273	C77	11	5	BO	13518	2,3,4,5,6,15,16,17,18,19,20	30	5	6	33
274	C77	11	5	OO	13519	2,3,4,5,6,15,16,17,18,19,20	30	5	6	33
275	C77	11	6	BB	13520	2,3,4,5,6,7,15,16,17,18,19	30	6	5	33
276	C77	11	6	BO	13521	2,3,4,5,6,7,15,16,17,18,19	30	6	5	33
277	C77	11	6	OO	13522	2,3,4,5,6,7,15,16,17,18,19	30	6	5	33
278	C77	12	0	BB	13523	15,16,17,18,19,20,21,22,23,24,25,26	29	0	12	24
279	C77	12	0	BO	13524	15,16,17,18,19,20,21,22,23,24,25,26	29	0	12	24
280	C77	12	0	OO	13525	15,16,17,18,19,20,21,22,23,24,25,26	29	0	12	24
281	C77	12	1	BB	13526	2,15,16,17,18,19,20,21,22,23,24,25	29	1	11	24
282	C77	12	1	BO	13527	2,15,16,17,18,19,20,21,22,23,24,25	29	1	11	24
283	C77	12	1	OO	13528	2,15,16,17,18,19,20,21,22,23,24,25	29	1	11	24
284	C77	12	2	BB	13529	2,3,15,16,17,18,19,20,21,22,23,24	29	2	10	24
285	C77	12	2	BO	13530	2,3,15,16,17,18,19,20,21,22,23,24	29	2	10	24
286	C77	12	2	OO	13531	2,3,15,16,17,18,19,20,21,22,23,24	29	2	10	24
287	C77	12	3	BB	13532	2,3,4,15,16,17,18,19,20,21,22,23	29	3	9	24
288	C77	12	3	BO	13533	2,3,4,15,16,17,18,19,20,21,22,23	29	3	9	24
289	C77	12	3	OO	13534	2,3,4,15,16,17,18,19,20,21,22,23	29	3	9	24
290	C77	12	4	BB	13535	2,3,4,5,15,16,17,18,19,20,21,22	29	4	8	24
291	C77	12	4	BO	13536	2,3,4,5,15,16,17,18,19,20,21,22	29	4	8	24
292	C77	12	4	OO	13537	2,3,4,5,15,16,17,18,19,20,21,22	29	4	8	24
293	C77	12	5	BB	13538	2,3,4,5,6,15,16,17,18,19,20,21	29	5	7	24
294	C77	12	5	BO	13539	2,3,4,5,6,15,16,17,18,19,20,21	29	5	7	24
295	C77	12	5	OO	13540	2,3,4,5,6,15,16,17,18,19,20,21	29	5	7	24
296	C77	12	6	BB	13541	2,3,4,5,6,7,15,16,17,18,19,20	29	6	6	24
297	C77	12	6	BO	13542	2,3,4,5,6,7,15,16,17,18,19,20	29	6	6	24
298	C77	12	6	OO	13543	2,3,4,5,6,7,15,16,17,18,19,20	29	6	6	24
299	C77	13	0	BO	13544	15,16,17,18,19,20,21,22,23,24,25,26,27	28	0	13	26
300	C77	13	0	OO	13545	15,16,17,18,19,20,21,22,23,24,25,26,27	28	0	13	26
301	C77	13	1	BB	13546	2,15,16,17,18,19,20,21,22,23,24,25,26	28	1	12	26
302	C77	13	1	BO	13547	2,15,16,17,18,19,20,21,22,23,24,25,26	28	1	12	26
303	C77	13	1	OO	13548	2,15,16,17,18,19,20,21,22,23,24,25,26	28	1	12	26
304	C77	13	2	BB	13549	2,3,15,16,17,18,19,20,21,22,23,24,25	28	2	11	26
305	C77	13	2	BO	13550	2,3,15,16,17,18,19,20,21,22,23,24,25	28	2	11	26
306	C77	13	2	OO	13551	2,3,15,16,17,18,19,20,21,22,23,24,25	28	2	11	26
307	C77	13	3	BB	13552	2,3,4,15,16,17,18,19,20,21,22,23,24	28	3	10	26
308	C77	13	3	BO	13553	2,3,4,15,16,17,18,19,20,21,22,23,24	28	3	10	26
309	C77	13	3	OO	13554	2,3,4,15,16,17,18,19,20,21,22,23,24	28	3	10	26
310	C77	13	4	BB	13555	2,3,4,5,15,16,17,18,19,20,21,22,23	28	4	9	26
311	C77	13	4	BO	13556	2,3,4,5,15,16,17,18,19,20,21,22,23	28	4	9	26
312	C77	13	4	OO	13557	2,3,4,5,15,16,17,18,19,20,21,22,23	28	4	9	26
313	C77	13	5	BB	13558	2,3,4,5,6,15,16,17,18,19,20,21,22	28	5	8	26
314	C77	13	5	BO	13559	2,3,4,5,6,15,16,17,18,19,20,21,22	28	5	8	26
315	C77	13	5	OO	13560	2,3,4,5,6,15,16,17,18,19,20,21,22	28	5	8	26
316	C77	13	6	BB	13561	2,3,4,5,6,7,15,16,17,18,19,20,21	28	6	7	26
317	C77	13	6	BO	13562	2,3,4,5,6,7,15,16,17,18,19,20,21	28	6	7	26
318	C77	13	6	OO	13563	2,3,4,5,6,7,15,16,17,18,19,20,21	28	6	7	26
319	C77partition	9	0	HO	13564	15,16,17,18,19,20,21,22,23	32	0	9	45
320	C77partition	9	0	AB	13565	15,16,17,18,19,20,21,22,23	32	0	9	45
321	C77partition	9	1	HO	13566	2,15,16,17,18,19,20,21,22	32	1	8	45
322	C77partition	9	1	AB	13567	2,15,16,17,18,19,20,21,22	32	1	8	45
323	C77partition	9	2	HO	13568	2,3,15,16,17,18,19,20,21	32	2	7	45
324	C77partition	9	2	AB	13569	2,3,15,16,17,18,19,20,21	32	2	7	45
325	C77partition	9	3	HO	13570	2,3,4,15,16,17,18,19,20	32	3	6	45
326	C77partition	9	3	AB	13571	2,3,4,15,16,17,18,19,20	32	3	6	45
327	C77partition	9	4	HO	13572	2,3,4,5,15,16,17,18,19	32	4	5	45
328	C77partition	9	4	AB	13573	2,3,4,5,15,16,17,18,19	32	4	5	45
329	C77partition	9	5	HO	13574	2,3,4,5,6,15,16,17,18	32	5	4	45
330	C77partition	9	5	AB	13575	2,3,4,5,6,15,16,17,18	32	5	4	45
331	C77partition	9	6	HO	13576	2,3,4,5,6,7,15,16,17	32	6	3	45
332	C77partition	9	6	AB	13577	2,3,4,5,6,7,15,16,17	32	6	3	45
333	C77partition	10	0	HO	13578	15,16,17,18,19,20,21,22,23,24	31	0	10	40
334	C77partition	10	0	AB	13579	15,16,17,18,19,20,21,22,23,24	31	0	10	40
335	C77partition	10	1	HO	13580	2,15,16,17,18,19,20,21,22,23	31	1	9	40
336	C77partition	10	1	AB	13581	2,15,16,17,18,19,20,21,22,23	31	1	9	40
337	C77partition	10	2	HO	13582	2,3,15,16,17,18,19,20,21,22	31	2	8	40
338	C77partition	10	2	AB	13583	2,3,15,16,17,18,19,20,21,22	31	2	8	40
339	C77partition	10	3	HO	13584	2,3,4,15,16,17,18,19,20,21	31	3	7	40
340	C77partition	10	3	AB	13585	2,3,4,15,16,17,18,19,20,21	31	3	7	40
341	C77partition	10	4	HO	13586	2,3,4,5,15,16,17,18,19,20	31	4	6	40
342	C77partition	10	4	AB	13587	2,3,4,5,15,16,17,18,19,20	31	4	6	40
343	C77partition	10	5	HO	13588	2,3,4,5,6,15,16,17,18,19	31	5	5	40
344	C77partition	10	5	AB	13589	2,3,4,5,6,15,16,17,18,19	31	5	5	40
345	C77partition	10	6	HO	13590	2,3,4,5,6,7,15,16,17,18	31	6	4	40
346	C77partition	10	6	AB	13591	2,3,4,5,6,7,15,16,17,18	31	6	4	40
347	C77partition	11	0	HO	13592	15,16,17,18,19,20,21,22,23,24,25	30	0	11	33
348	C77partition	11	0	AB	13593	15,16,17,18,19,20,21,22,23,24,25	30	0	11	33
349	C77partition	11	1	HO	13594	2,15,16,17,18,19,20,21,22,23,24	30	1	10	33
350	C77partition	11	1	AB	13595	2,15,16,17,18,19,20,21,22,23,24	30	1	10	33
351	C77partition	11	2	HO	13596	2,3,15,16,17,18,19,20,21,22,23	30	2	9	33
352	C77partition	11	2	AB	13597	2,3,15,16,17,18,19,20,21,22,23	30	2	9	33
353	C77partition	11	3	HO	13598	2,3,4,15,16,17,18,19,20,21,22	30	3	8	33
354	C77partition	11	3	AB	13599	2,3,4,15,16,17,18,19,20,21,22	30	3	8	33
355	C77partition	11	4	HO	13600	2,3,4,5,15,16,17,18,19,20,21	30	4	7	33
356	C77partition	11	4	AB	13601	2,3,4,5,15,16,17,18,19,20,21	30	4	7	33
357	C77partition	11	5	HO	13602	2,3,4,5,6,15,16,17,18,19,20	30	5	6	33
358	C77partition	11	5	AB	13603	2,3,4,5,6,15,16,17,18,19,20	30	5	6	33
359	C77partition	11	6	HO	13604	2,3,4,5,6,7,15,16,17,18,19	30	6	5	33
360	C77partition	11	6	AB	13605	2,3,4,5,6,7,15,16,17,18,19	30	6	5	33
361	C77partition	12	0	HO	13606	15,16,17,18,19,20,21,22,23,24,25,26	29	0	12	24
362	C77partition	12	0	AB	13607	15,16,17,18,19,20,21,22,23,24,25,26	29	0	12	24
363	C77partition	12	1	HO	13608	2,15,16,17,18,19,20,21,22,23,24,25	29	1	11	24
364	C77partition	12	1	AB	13609	2,15,16,17,18,19,20,21,22,23,24,25	29	1	11	24
365	C77partition	12	2	HO	13610	2,3,15,16,17,18,19,20,21,22,23,24	29	2	10	24
366	C77partition	12	2	AB	13611	2,3,15,16,17,18,19,20,21,22,23,24	29	2	10	24
367	C77partition	12	3	HO	13612	2,3,4,15,16,17,18,19,20,21,22,23	29	3	9	24
368	C77partition	12	3	AB	13613	2,3,4,15,16,17,18,19,20,21,22,23	29	3	9	24
369	C77partition	12	4	HO	13614	2,3,4,5,15,16,17,18,19,20,21,22	29	4	8	24
370	C77partition	12	4	AB	13615	2,3,4,5,15,16,17,18,19,20,21,22	29	4	8	24
371	C77partition	12	5	HO	13616	2,3,4,5,6,15,16,17,18,19,20,21	29	5	7	24
372	C77partition	12	5	AB	13617	2,3,4,5,6,15,16,17,18,19,20,21	29	5	7	24
373	C77partition	12	6	HO	13618	2,3,4,5,6,7,15,16,17,18,19,20	29	6	6	24
374	C77partition	12	6	AB	13619	2,3,4,5,6,7,15,16,17,18,19,20	29	6	6	24
375	C77partition	13	0	HO	13620	15,16,17,18,19,20,21,22,23,24,25,26,27	28	0	13	26
376	C77partition	13	0	AB	13621	15,16,17,18,19,20,21,22,23,24,25,26,27	28	0	13	26
377	C77partition	13	1	HO	13622	2,15,16,17,18,19,20,21,22,23,24,25,26	28	1	12	26
378	C77partition	13	1	AB	13623	2,15,16,17,18,19,20,21,22,23,24,25,26	28	1	12	26
379	C77partition	13	2	HO	13624	2,3,15,16,17,18,19,20,21,22,23,24,25	28	2	11	26
380	C77partition	13	2	AB	13625	2,3,15,16,17,18,19,20,21,22,23,24,25	28	2	11	26
381	C77partition	13	3	HO	13626	2,3,4,15,16,17,18,19,20,21,22,23,24	28	3	10	26
382	C77partition	13	3	AB	13627	2,3,4,15,16,17,18,19,20,21,22,23,24	28	3	10	26
383	C77partition	13	4	HO	13628	2,3,4,5,15,16,17,18,19,20,21,22,23	28	4	9	26
384	C77partition	13	4	AB	13629	2,3,4,5,15,16,17,18,19,20,21,22,23	28	4	9	26
385	C77partition	13	5	HO	13630	2,3,4,5,6,15,16,17,18,19,20,21,22	28	5	8	26
386	C77partition	13	5	AB	13631	2,3,4,5,6,15,16,17,18,19,20,21,22	28	5	8	26
387	C77partition	13	6	HO	13632	2,3,4,5,6,7,15,16,17,18,19,20,21	28	6	7	26
388	C77partition	13	6	AB	13633	2,3,4,5,6,7,15,16,17,18,19,20,21	28	6	7	26
