signature	triples	lower	upper	z
a,a,a|5/6,5/6,5/6	10	1/2	5/6	1/2
a,a,b|17/90,17/90,5/6	60	0	17/90	0
a,a,ca|5/6,5/6,5/6	10	1/2	5/6	1/2
a,a,cb|4/25,4/25,5/6	10	0	4/25	0
a,a,co|901/1950,901/1950,5/6	130	0	901/1950	0
a,a,h|6/13,6/13,5/6	130	0	6/13	0
a,a,o|7/10,7/10,5/6	10	7/30	7/10	7/30
a,b,b|17/90,17/90,4/5	75	0	17/90	0
a,b,ca|17/90,13/60,5/6	30	0	17/90	0
a,b,cb|4/25,17/90,13/15	30	0	4/25	0
a,b,co|17/90,71/156,901/1950	390	0	17/90	0
a,b,h|17/90,6/13,6/13	390	0	17/90	0
a,b,o|17/90,5/12,7/10	30	0	17/90	0
a,ca,cb|4/25,5/6,1	5	0	4/25	0
a,ca,co|2/5,901/1950,5/6	65	0	2/5	0
a,cb,co|4/25,2/5,901/1950	65	0	4/25	0
a,co,co|901/1950,901/1950,8/15	390	0	901/1950	0
a,h,ca|6/13,3/5,5/6	65	0	6/13	0
a,h,cb|4/25,6/13,3/5	65	0	4/25	0
a,h,co|6/13,901/1950,3/5	845	0	6/13	1108/2535
a,h,h|0,6/13,6/13	260	0	0	0
a,h,h|6/13,6/13,1	130	0	6/13	0
a,o,ca|0,7/10,5/6	5	0	0	0
a,o,cb|0,4/25,7/10	5	0	0	0
a,o,co|901/1950,8/13,7/10	65	0	901/1950	0
a,o,h|6/13,6/13,7/10	65	0	6/13	0
b,b,b|4/5,4/5,4/5	20	2/5	4/5	2/5
b,b,ca|13/60,13/60,4/5	15	0	13/60	0
b,b,cb|4/5,13/15,13/15	15	8/15	4/5	8/15
b,b,co|71/156,71/156,4/5	195	0	71/156	0
b,b,h|6/13,6/13,4/5	195	0	6/13	0
b,b,o|5/12,5/12,4/5	15	0	5/12	0
b,ca,cb|13/60,13/15,1	6	1/12	13/60	1/12
b,ca,co|13/60,2/5,71/156	78	0	13/60	14/195
b,cb,co|2/5,71/156,13/15	78	0	2/5	31/780
b,co,co|71/156,71/156,8/15	468	0	71/156	745/2808
b,h,ca|13/60,6/13,3/5	78	0	13/60	0
b,h,cb|6/13,3/5,13/15	78	0	6/13	0
b,h,co|71/156,6/13,3/5	1014	0	71/156	8621/30420
b,h,h|0,6/13,6/13	312	0	0	0
b,h,h|6/13,6/13,1	156	0	6/13	0
b,o,ca|0,13/60,5/12	6	0	0	0
b,o,cb|0,5/12,13/15	6	0	0	0
b,o,co|5/12,71/156,8/13	78	0	5/12	19/117
b,o,h|5/12,6/13,6/13	78	0	5/12	0
ca,cb,co|2/5,2/5,1	13	0	2/5	0
ca,co,co|2/5,2/5,8/15	78	0	2/5	0
cb,co,co|2/5,2/5,8/15	78	0	2/5	0
co,co,co|8/15,8/15,8/15	286	0	8/15	0
h,ca,cb|3/5,3/5,1	13	1/5	3/5	1/5
h,ca,co|2/5,3/5,3/5	169	0	2/5	2/5
h,cb,co|2/5,3/5,3/5	169	0	2/5	2/5
h,co,co|8/15,3/5,3/5	1014	0	8/15	53/6084
h,h,ca|0,3/5,3/5	52	0	0	0
h,h,ca|3/5,3/5,1	26	1/5	3/5	1/5
h,h,cb|0,3/5,3/5	52	0	0	0
h,h,cb|3/5,3/5,1	26	1/5	3/5	1/5
h,h,co|0,3/5,3/5	676	0	0	0
h,h,co|3/5,3/5,1	338	1/5	3/5	1/5
h,h,h|0,0,0	78	0	0	0
h,h,h|0,0,1	130	0	0	0
h,h,h|0,1,1	78	0	0	0
o,ca,cb|0,0,1	1	0	0	0
o,ca,co|0,2/5,8/13	13	0	0	0
o,cb,co|0,2/5,8/13	13	0	0	0
o,co,co|8/15,8/13,8/13	78	0	8/15	0
o,h,ca|0,6/13,3/5	13	0	0	0
o,h,cb|0,6/13,3/5	13	0	0	0
o,h,co|6/13,3/5,8/13	169	0	6/13	6/13
o,h,h|0,6/13,6/13	52	0	0	0
o,h,h|6/13,6/13,1	26	0	6/13	0
p,a,a|5/6,5/6,5/6	10	1/2	5/6	1/2
p,a,b|17/90,23/36,5/6	30	0	17/90	0
p,a,ca|8/15,5/6,5/6	5	1/5	8/15	1/5
p,a,cb|0,4/25,5/6	5	0	0	0
p,a,co|67/195,901/1950,5/6	65	0	67/195	0
p,a,h|6/13,6/13,5/6	65	0	6/13	0
p,a,o|0,7/10,5/6	5	0	0	0
p,b,b|23/36,23/36,4/5	15	7/90	23/36	7/90
p,b,ca|13/60,8/15,23/36	6	0	13/60	0
p,b,cb|0,23/36,13/15	6	0	0	0
p,b,co|67/195,71/156,23/36	78	0	67/195	128/585
p,b,h|6/13,6/13,23/36	78	0	6/13	0
p,b,o|0,5/12,23/36	6	0	0	0
p,ca,cb|0,8/15,1	1	0	0	0
p,ca,co|67/195,2/5,8/15	13	0	67/195	0
p,cb,co|0,67/195,2/5	13	0	0	0
p,co,co|67/195,67/195,8/15	78	0	67/195	0
p,h,ca|6/13,8/15,3/5	13	0	6/13	0
p,h,cb|0,6/13,3/5	13	0	0	0
p,h,co|67/195,6/13,3/5	169	0	67/195	67/195
p,h,h|0,6/13,6/13	52	0	0	0
p,h,h|6/13,6/13,1	26	0	6/13	0
p,o,ca|0,0,8/15	1	0	0	0
p,o,cb|0,0,0	1	0	0	0
p,o,co|0,67/195,8/13	13	0	0	0
p,o,h|0,6/13,6/13	13	0	0	0
u,a,a|5/6,1,1	10	5/6	5/6	5/6
u,a,b|0,17/90,1	30	0	0	0
u,a,ca|5/6,1,1	5	5/6	5/6	5/6
u,a,cb|0,4/25,1	5	0	0	0
u,a,co|0,901/1950,1	65	0	0	0
u,a,h|6/13,1,1	65	6/13	6/13	6/13
u,a,o|0,7/10,1	5	0	0	0
u,b,b|0,0,4/5	15	0	0	0
u,b,ca|0,13/60,1	6	0	0	0
u,b,cb|0,0,13/15	6	0	0	0
u,b,co|0,0,71/156	78	0	0	0
u,b,h|0,6/13,1	78	0	0	0
u,b,o|0,0,5/12	6	0	0	0
u,ca,cb|0,1,1	1	0	0	0
u,ca,co|0,2/5,1	13	0	0	0
u,cb,co|0,0,2/5	13	0	0	0
u,co,co|0,0,8/15	78	0	0	0
u,h,ca|3/5,1,1	13	3/5	3/5	3/5
u,h,cb|0,3/5,1	13	0	0	0
u,h,co|0,3/5,1	169	0	0	0
u,h,h|0,1,1	52	0	0	0
u,h,h|1,1,1	26	1	1	1
u,o,ca|0,0,1	1	0	0	0
u,o,cb|0,0,0	1	0	0	0
u,o,co|0,0,8/13	13	0	0	0
u,o,h|0,6/13,1	13	0	0	0
u,p,a|5/6,1,1	5	5/6	5/6	5/6
u,p,b|0,23/36,1	6	0	0	0
u,p,ca|8/15,1,1	1	8/15	8/15	8/15
u,p,cb|0,0,1	1	0	0	0
u,p,co|0,67/195,1	13	0	0	0
u,p,h|6/13,1,1	13	6/13	6/13	6/13
u,p,o|0,0,1	1	0	0	0
u,v,a|0,1,1	5	0	0	0
u,v,b|0,1,1	6	0	0	0
u,v,ca|0,1,1	1	0	0	0
u,v,cb|0,1,1	1	0	0	0
u,v,co|0,0,1	13	0	0	0
u,v,h|1,1,1	13	1	1	1
u,v,o|0,0,1	1	0	0	0
u,v,p|0,1,1	1	0	0	0
v,a,a|0,0,5/6	10	0	0	0
v,a,b|0,17/90,1	30	0	0	0
v,a,ca|0,0,5/6	5	0	0	0
v,a,cb|0,4/25,1	5	0	0	0
v,a,co|0,0,901/1950	65	0	0	0
v,a,h|0,6/13,1	65	0	0	0
v,a,o|0,0,7/10	5	0	0	0
v,b,b|4/5,1,1	15	4/5	4/5	4/5
v,b,ca|0,13/60,1	6	0	0	0
v,b,cb|13/15,1,1	6	13/15	13/15	13/15
v,b,co|0,71/156,1	78	0	0	0
v,b,h|6/13,1,1	78	6/13	6/13	6/13
v,b,o|0,5/12,1	6	0	0	0
v,ca,cb|0,1,1	1	0	0	0
v,ca,co|0,0,2/5	13	0	0	0
v,cb,co|0,2/5,1	13	0	0	0
v,co,co|0,0,8/15	78	0	0	0
v,h,ca|0,3/5,1	13	0	0	0
v,h,cb|3/5,1,1	13	3/5	3/5	3/5
v,h,co|0,3/5,1	169	0	0	0
v,h,h|0,1,1	52	0	0	0
v,h,h|1,1,1	26	1	1	1
v,o,ca|0,0,0	1	0	0	0
v,o,cb|0,0,1	1	0	0	0
v,o,co|0,0,8/13	13	0	0	0
v,o,h|0,6/13,1	13	0	0	0
v,p,a|0,0,5/6	5	0	0	0
v,p,b|0,23/36,1	6	0	0	0
v,p,ca|0,0,8/15	1	0	0	0
v,p,cb|0,0,1	1	0	0	0
v,p,co|0,0,67/195	13	0	0	0
v,p,h|0,6/13,1	13	0	0	0
v,p,o|0,0,0	1	0	0	0
