family	c	k	pattern	E_cells	C_cells	anomalies	root_sha256
E8	9	0	A	0,6,6,1	9,5,5,9	2	7c97aedbd474adf5937c5b6376c6f8cc64c2b5841b99e3fa2f5572a0f3c41a69
E8	9	1	H	1,5,5,2	8,6,6,8	2	4db1802108d5fb98a29bc5bc1b92bc0cf9b8f7a628a6e02f6c9e8a64ccb94513
E8	9	1	A	1,5,5,2	8,6,6,8	3	cca04da07079382d707ac8a1c79d75242db2a2f21f6b641a6e2e62f5ce86b9e5
E8	9	2	H	2,4,4,3	7,7,7,7	2	86c9118d9aff1a83aaefaefc3bf1db50cc8df2510ee7e60afe2401b0ce2e7335
E8	9	2	A	2,4,4,3	7,7,7,7	4	7ba721df48898db5d1121629fdd56c69e70891c56c0f29e57dfcbf98819f75dd
E8	9	3	H	3,3,3,4	6,8,8,6	2	edb769e8be6fcc64ef737a6a9df1c3855cd6693c62730ecc4771bdc7cb920d1c
E8	9	3	A	3,3,3,4	6,8,8,6	5	bd8cb3a5a134cadcdfe76b7712d770312fd728d6e1c9472150aad6160cc90d8d
E8	9	4	H	4,2,2,5	5,9,9,5	2	ba40bebac4dbabbe34efa35155af5dd727fb50ce27341a1b1126ef415f2eaa07
E8	9	4	A	4,2,2,5	5,9,9,5	6	bbc0dd5fdbc37fa810821eb006c44551d556dfad5376d442f17e7822e7b071d6
E8	9	5	H	5,1,1,6	4,10,10,4	2	32d09e4d3b1292ec8c0c4a1aa7ce6c90ef5b62611646fb372dbaf0ebf1b92e7e
E8	9	5	A	5,1,1,6	4,10,10,4	7	5631f65ac77d427a77523c154f18a1c5246cb72d372f7b02aee6c74aa0d27698
E8	9	6	H	6,0,0,7	3,11,11,3	2	12dff06f67e3d3999d2fbf3e5c644a91dc0442154925bebad5204b21da05b216
E8	10	0	A	0,6,6,1	10,4,4,10	2	28b4928b728950fa0316bc293e8ffca12b0d3df293f632996279c6b1a5a668b8
E8	10	1	H	1,5,5,2	9,5,5,9	2	d844bef2f71865f4783be70d6caca180bc46f92a74fd9582d68bd6dea416b85b
E8	10	1	A	1,5,5,2	9,5,5,9	3	011a9d0743e992b65146367fc91546b66a84fee4ffd954d2c862127bfe7c1262
E8	10	2	H	2,4,4,3	8,6,6,8	2	b6791e7281a7d17603c1a68f40dfbd0050d0715b95cf7fa86a181b60fd8c4933
E8	10	2	A	2,4,4,3	8,6,6,8	4	51c30c55d368eef6eb567878c9414e1e69cdfa5c55a9b93816c08a7f9a5b2d78
E8	10	3	H	3,3,3,4	7,7,7,7	2	647333abb8b467c6b333e60cc9d66a80eb68cb5f8827e4f665f18e1bde530c1f
E8	10	3	A	3,3,3,4	7,7,7,7	5	0f43f8e9a64bb0a598dadd7cee4c5d88af1e9d7848177135056fea9742e7f36c
E8	10	4	H	4,2,2,5	6,8,8,6	2	cfeaa622482f48c9a11190eff7aaea00460cc45ac97f46dcbe74946183829f18
E8	10	4	A	4,2,2,5	6,8,8,6	6	113106d227d9a22ea7f600b3721ed0984a42a820c266e47d6650c4229951cf31
E8	10	5	H	5,1,1,6	5,9,9,5	2	c09a3428dfa2c4f8baf3b18b43dd1183ef195c9bdb11d88e5f3dec46bc60becf
E8	10	5	A	5,1,1,6	5,9,9,5	7	249e1ebe19c57215c358aaff9f575a073054a5d81ffcb5048b2ef7a4e650e22a
E8	10	6	H	6,0,0,7	4,10,10,4	2	c3a21e2b4c9dec445ecd62ba4c324b8ff4877b8e58a3014d444d27d047523814
E8	11	0	A	0,6,6,1	11,3,3,11	2	02767eef2f31c3a33c2536530da469ae3001c12cdc290f916e44d38d562dcfbe
E8	11	1	H	1,5,5,2	10,4,4,10	2	b1d857685947307ff2c15b00e3ce04b0f4d9064638c1b28cd6a4b35daab988d7
E8	11	1	A	1,5,5,2	10,4,4,10	3	9db2c219d5cfa7bfa9ec63a1c804dae760a2bc3734f2162df5952e73d6e933c7
E8	11	2	H	2,4,4,3	9,5,5,9	2	d3be8a9a48a7b1a8f299481e80432bf6dea11b33f02defcfcaae3bc36f2c32f5
E8	11	2	A	2,4,4,3	9,5,5,9	4	1ef767628494abfd98e7d064c9bb0c94ca49be84e961eb5c06ac2ffd3a93316a
E8	11	3	H	3,3,3,4	8,6,6,8	2	e9038eb58538631f3234066c027ac66a1e0f3c7f08c834bc8c29d8e3f71ce460
E8	11	3	A	3,3,3,4	8,6,6,8	5	983641732d1570c94f763a625c639e60ac70fbe4dd8d26f41248b7fc1b6839e2
E8	11	4	H	4,2,2,5	7,7,7,7	2	3a4e87f77741aca8d28359c604aeef185acdcbc67c250401e56f65b63aa1fe7a
E8	11	4	A	4,2,2,5	7,7,7,7	6	a8b44c2ec88d3d866ef44a4c206b4282c70ca8e397309871f7105378ebd23dd2
E8	11	5	H	5,1,1,6	6,8,8,6	2	c49221443fc908cb0104796cabb4ddecf1bb409c95191175c54a1ca11d536b13
E8	11	5	A	5,1,1,6	6,8,8,6	7	218cc7ce42ceb337a29720fd4a7591eee06a6e8dd5a6a24f7e416c758f56ec09
E8	11	6	H	6,0,0,7	5,9,9,5	2	161e8987605fc88228f381ec5854258852a5ee8d8d1015c2b793c4d0b8c583cb
E8	12	0	A	0,6,6,1	12,2,2,12	2	15735ef314944a09da58668ce4cc66c2b99e5167986a7d874dcb2f1c60ad95f4
E8	12	1	H	1,5,5,2	11,3,3,11	2	b1790e858152e8ccbdbdc8a9ed12ad381586bf82289fe2507d72b0af0d53e218
E8	12	1	A	1,5,5,2	11,3,3,11	3	177b368dcc5538c957b6de05faebe93fc82b7b0293671119a7a6999c1e4505c0
E8	12	2	H	2,4,4,3	10,4,4,10	2	89884f99a1c0543d16e713c3fcbbd380f27d956af43617633595cca24ea655b0
E8	12	2	A	2,4,4,3	10,4,4,10	4	d50a625ee47dc936ac5446d41838ec26ffe43322c6eb7ba4e4ca3f789fe5c0b2
E8	12	3	H	3,3,3,4	9,5,5,9	2	2d0abba146c943cc32a05f607fb769b3042521ca2936a90aa5e039446eb165ec
E8	12	3	A	3,3,3,4	9,5,5,9	5	16a2310d538b26f37bbf5eb1f2e496ab1b097d983c222c4ffdf98ab8f1bf63d1
E8	12	4	H	4,2,2,5	8,6,6,8	2	c69163646f82b366c216383a1deee8eb475f79348bac834b611dd1d16f28c087
E8	12	4	A	4,2,2,5	8,6,6,8	6	0d83fe1fcb021ecb984d0a2a64b6216eee572608bc6fbde217d4ec510e1aa94a
E8	12	5	H	5,1,1,6	7,7,7,7	2	3bb38a10b0100fd128a4f481e42358b3c1fed8fde3430b2b3b255a19866c7b97
E8	12	5	A	5,1,1,6	7,7,7,7	7	61c941c612a9ce46177aaac4311bc2e31ff571a17e6d7b0494b60277e266c291
E8	12	6	H	6,0,0,7	6,8,8,6	2	a7a936f26406945dff887858dc33c05dd0c2b666731612c5e72c4e88722abbd2
E8	13	0	A	0,6,6,1	13,1,1,13	2	56c4919debf399e225e1ea98d90df5003c48b3b111fad5c937a4fb0868932279
E8	13	1	H	1,5,5,2	12,2,2,12	2	7b38ebbc37e96e413217e28d3ee12928db4c4d619e304dead252cb63e19f3658
E8	13	1	A	1,5,5,2	12,2,2,12	3	345d75f429fde42298f3bc5d448ed6902d9ec92ae6ca938c9b29e6f5c0e39a8e
E8	13	2	H	2,4,4,3	11,3,3,11	2	f714d180448020677696b49bb1bf9ff0294e10323a0d83e1dacf0f87572ddb70
E8	13	2	A	2,4,4,3	11,3,3,11	4	cf6dd7310294a702de41f195b11109dc7a30408156afc9ee5815d10430fd4e45
E8	13	3	H	3,3,3,4	10,4,4,10	2	d29715bfc06cc213bcc018fb980a36dab0f00a6f55d1c63d3543fac9e199fbe8
E8	13	3	A	3,3,3,4	10,4,4,10	5	97b387b95880b97cef8e0de56ab8dcc5a0a41c52f228120ab7a5661f67883db6
E8	13	4	H	4,2,2,5	9,5,5,9	2	2b8032991dc1e3bcdb62e6ec1de9f0c95aad61444abdb6ec1fb699472d10a0d7
E8	13	4	A	4,2,2,5	9,5,5,9	6	d2fc129143a4ea0ff0776d67021e871b919689ef91a091f003116ee3a5862e17
E8	13	5	H	5,1,1,6	8,6,6,8	2	975fe93ef6c8d658c169f3f55c3745051f1ca2db599f7bcf80cd3d23eb0f02b6
E8	13	5	A	5,1,1,6	8,6,6,8	7	b77a91ab4c0a6f36c5e51817a236442a53a7b6d05e3b30969e1e3f54563b0df5
E8	13	6	H	6,0,0,7	7,7,7,7	2	1cae9e92bf70f741120cbe94bd9721874a640b7e0f482c5093516041a1cf3ca9
E77	9	0	BB	0,6,6,1	9,5,5,9	8,9	5efba40fff34a5940ea8bb23103f826c3143c84b860e8afd3b256dde88053423
E77	9	0	BO	0,6,6,1	9,5,5,9	8,14	09c3dd9eff837d20aca1b667e2fc62f085716f4b189e868c324f8a72acdf2eb3
E77	9	1	BB	1,5,5,2	8,6,6,8	8,9	cc6533ed68603a1d0277aa50814865d6523f7985ed2c17eb0ba85b4daa715a46
E77	9	1	BO	1,5,5,2	8,6,6,8	8,13	a450a9a233a9d30c736106a2bb7654246a8423080f9f719405750f4d0a825bc2
E77	9	1	OO	1,5,5,2	8,6,6,8	13,14	144cbd9556efc9ecc3658084d9221cf33a9f639430d9681c197267e1bcf32f7a
E77	9	2	BB	2,4,4,3	7,7,7,7	8,9	b7f2b146d1af75b0a795fa7b5080f415154c925a34f43e89a29c6227d322f28b
E77	9	2	BO	2,4,4,3	7,7,7,7	8,12	2c4c85049ee935ec9a9df57939622b0da068c433c8a77c7faf73ab37b7225605
E77	9	2	OO	2,4,4,3	7,7,7,7	12,13	751d7e00357cf89a3188c272988f90e9c2bb1b22d6b8df36e8d2d85d9da6714e
E77	9	3	BB	3,3,3,4	6,8,8,6	8,9	76d05eeec0c1eb0f0d497368e1a0bcbba9350092a7401af50a93ffbff4261889
E77	9	3	BO	3,3,3,4	6,8,8,6	8,11	8658b34fde0b574f4ee9a66352f5a5b37b99631f277b154b87488a2b10b9150e
E77	9	3	OO	3,3,3,4	6,8,8,6	11,12	3264251356517c999991e5f9fdcf72477064221776964396571a574a54370980
E77	9	4	BB	4,2,2,5	5,9,9,5	8,9	015b91daf2b557e76be064664876f6c4d86569095105116afc1b13720d1d475c
E77	9	4	BO	4,2,2,5	5,9,9,5	8,10	d4a960752664bdc5137e029c058bb283690106b92177a17d195a4b471c8886c3
E77	9	4	OO	4,2,2,5	5,9,9,5	10,11	ac709a040605600615f551cf9125622f94d33b885c8e330a44c87d158fe401e7
E77	9	5	BO	5,1,1,6	4,10,10,4	8,9	fcd1448514a5a8154d0788a5d6d929a8fb3cf3d503fba62d4174c5cbbe57d349
E77	9	5	OO	5,1,1,6	4,10,10,4	9,10	8f474ab243f589fad3c376b8322f03ddb23ffe3824c3c35d648597344e6ae28f
E77	9	6	OO	6,0,0,7	3,11,11,3	8,9	89ca71bac6e54a1288e7ce4f880ff8fc08cfd1f95e44eeeb854bce629a2ff19c
E77	10	0	BB	0,6,6,1	10,4,4,10	8,9	ba0557b93dbe24c6bf41a726e67c2c9a58dcec0929306999d159bde00b49173f
E77	10	0	BO	0,6,6,1	10,4,4,10	8,14	31f592c667007f86bcee0f6adc91e24ea48101b66b2f03267d23709ccfce82d2
E77	10	1	BB	1,5,5,2	9,5,5,9	8,9	8e9948b00c8b85c009bfbbf1148893a6859383016d3b1588cf41a993efe1080b
E77	10	1	BO	1,5,5,2	9,5,5,9	8,13	bde03d636255e40ab19967ecafe431f4af4aa0b0feb5dca3c28550a4e64f2905
E77	10	1	OO	1,5,5,2	9,5,5,9	13,14	84f3c98639932297875e902da85fd3a22bb67013fa92aa15e72c5a151f94624d
E77	10	2	BB	2,4,4,3	8,6,6,8	8,9	6b4d9b84c3b7f54c070129634a66f1dd648fbc93af16ebe9c729572005152b1c
E77	10	2	BO	2,4,4,3	8,6,6,8	8,12	f420d0a9ede6ac21010d69ed08d3a641d20e3841400624e40d2b1461bb22723f
E77	10	2	OO	2,4,4,3	8,6,6,8	12,13	1ebbed4fda3580c620cf892982e07920cbe3bce9ad11cf8d4d8495e509e4ec63
E77	10	3	BB	3,3,3,4	7,7,7,7	8,9	2592bffd438bc4eb1c49b9ca09c50450acaed693798e9234def642f7addb246d
E77	10	3	BO	3,3,3,4	7,7,7,7	8,11	719c1c49e3c816541389c461e6acea2cfbfee2f8573f05aae1e2844b8478caaf
E77	10	3	OO	3,3,3,4	7,7,7,7	11,12	c82dfdf6a2320a6281ec76c086cea4ca28f9d8ff40e128c9f6ac19409b51e234
E77	10	4	BB	4,2,2,5	6,8,8,6	8,9	40f10557c975a51db64184ccfaf85d450cdef6ed3e11b8a4fb2a7460c409f85a
E77	10	4	BO	4,2,2,5	6,8,8,6	8,10	21c2dee4f5e68e0c754db62d861c3a6343878b3a8a9672f4fd2cac745f6b2be7
E77	10	4	OO	4,2,2,5	6,8,8,6	10,11	980647e92bf1299e485f98f8cbfe023b26e0678da697e8914e5d96140d0ec74a
E77	10	5	BO	5,1,1,6	5,9,9,5	8,9	4abb17fa27fd86f5a4af183da0e8c4c03d5303c79766f426492f381aad99512a
E77	10	5	OO	5,1,1,6	5,9,9,5	9,10	39df0c0a7a3ef398dd21d0133a2ad3e29b1491db176a2a81f1c01de91c526134
E77	10	6	OO	6,0,0,7	4,10,10,4	8,9	554231351973dd1513f38de50c6e643638270649191a245c34e26ef9229abac8
E77	11	0	BB	0,6,6,1	11,3,3,11	8,9	e17971a6710b7b365c680ef075a47cb11e124329a59b16a5a4694d5941a51818
E77	11	0	BO	0,6,6,1	11,3,3,11	8,14	4f79d070447e3881f2df8d4fcd98a2f0375fb018a2dc9233d844edbb7b72f081
E77	11	1	BB	1,5,5,2	10,4,4,10	8,9	79d63fdbbd482be32199be84e548ed6f08d75d8f5c548be17c090f4a013ce822
E77	11	1	BO	1,5,5,2	10,4,4,10	8,13	77c078fd8e9afd76493025ddc383ce07bc562f54f820dbe2dcdc5c9890fdeea5
E77	11	1	OO	1,5,5,2	10,4,4,10	13,14	f65495d9a0cd97a4ddf9c4a06cbf4b290cac696565fa4a76b997bf300bfdd8e3
E77	11	2	BB	2,4,4,3	9,5,5,9	8,9	a186defd5ed14f3ca02b308dc5122a8a8bbf4183b04bf39a7b769cfa629df2f7
E77	11	2	BO	2,4,4,3	9,5,5,9	8,12	bc980624c1f9fe719d22900c8e356c8457e151a43a21a0e0de14de12504f7b4a
E77	11	2	OO	2,4,4,3	9,5,5,9	12,13	b4812b565c7f5154d3a958083cba049b13d5ee2e85d1e50f6661604dc1fd74a0
E77	11	3	BB	3,3,3,4	8,6,6,8	8,9	745e533041084ed566a5bd0eda782a37e40883e03ab4ba011486d9f57cc8aa51
E77	11	3	BO	3,3,3,4	8,6,6,8	8,11	d2ad0ac3f887d7dd488560d92bdcad191658e2ab0a33f1bbf340c791dbd1b3b3
E77	11	3	OO	3,3,3,4	8,6,6,8	11,12	d9ac05089530c9cde95379c8a01deb82040225c852e20edbd2dcd45b036edab4
E77	11	4	BB	4,2,2,5	7,7,7,7	8,9	5e5b0600ce54b9a594b05ff6ffd3a6e1e933085d04f2bdc9f048e0504b1e2bc3
E77	11	4	BO	4,2,2,5	7,7,7,7	8,10	d6102d819defde28f3645b829bbaf46816df8f49c99b6bd02598ac745c051310
E77	11	4	OO	4,2,2,5	7,7,7,7	10,11	fb58126bf7cd5eb2e196d7eca189e73a592267deb50ed9161b96c16f9d8779a4
E77	11	5	BO	5,1,1,6	6,8,8,6	8,9	10c681877bd551ad145c375197d7edbdeeb6e07c7b077d89b2825638b10cfa9b
E77	11	5	OO	5,1,1,6	6,8,8,6	9,10	ebe905f429c588d9b9bc0576070b9f34b1f69f0645a22559316eedf959204f04
E77	11	6	OO	6,0,0,7	5,9,9,5	8,9	d86624d8faaec1ee6e542db19412f6628ca1255e6cc169a9b6910ac9be1cd7ec
E77	12	0	BB	0,6,6,1	12,2,2,12	8,9	3184ffc9856163d5f321243ecb5cb7609013827046ec28d74b8f7a0745583638
E77	12	0	BO	0,6,6,1	12,2,2,12	8,14	44e208e16500f4595fcc070ddc14623ee73190cdd171b6b589c036d26fd75108
E77	12	1	BB	1,5,5,2	11,3,3,11	8,9	dab4d63119e8a84150944a5840e498cab3219d2e3917599b5ec5f97d5009372c
E77	12	1	BO	1,5,5,2	11,3,3,11	8,13	08ca602724c732d3f4aa8292e1cfb14bfb673dcc9d30dcf117d77698d118dc8d
E77	12	1	OO	1,5,5,2	11,3,3,11	13,14	6443e02a940024b70660cb56db444b3ce813daf9c544d625edd9b9f36fca21a6
E77	12	2	BB	2,4,4,3	10,4,4,10	8,9	ebaf2bc4df032e04586e97589d8acf9834f56fb95f1af97e374e31c01fc1f706
E77	12	2	BO	2,4,4,3	10,4,4,10	8,12	901a1187c8c6f3e1b9de70c02bd337ea81ef1ec172909ed912d7c6fc27a2f7a2
E77	12	2	OO	2,4,4,3	10,4,4,10	12,13	650f782f782d5e944377b41a1cd11cab3a65dd3fc4c98fbfba85dfb87598bfa0
E77	12	3	BB	3,3,3,4	9,5,5,9	8,9	fb58c456fc0a5492304a20bfdcf27e61dc9a323678afb02aadb2b2e569a34ba9
E77	12	3	BO	3,3,3,4	9,5,5,9	8,11	076070009c5751262a2b819362a301f9db655aa1b9d8f305fa340de44303424b
E77	12	3	OO	3,3,3,4	9,5,5,9	11,12	9329efd56516724a94bece5ff6220c2794f75c6000324d982f00758e03ac54c0
E77	12	4	BB	4,2,2,5	8,6,6,8	8,9	c13dcc584ce7901314c070c683124304af724b1acacaf4579dcfcc5742b3d4ba
E77	12	4	BO	4,2,2,5	8,6,6,8	8,10	bc97c96f9dc813b014a8e9523b77547f3739ede479aa567f0ded3198966149e4
E77	12	4	OO	4,2,2,5	8,6,6,8	10,11	e5ce30814bfeb4f7fa5f91e01a75fea6908f635d67bb86808e188340343a754f
E77	12	5	BO	5,1,1,6	7,7,7,7	8,9	6a6d97ffc14ff6571fd3ca467aabcaf0758dd331eb11edfeed299079ec608ea2
E77	12	5	OO	5,1,1,6	7,7,7,7	9,10	5ea9e4256d8f1ed8e0badd276d8445bb23fa01552533d989777c63d543a1881a
E77	12	6	OO	6,0,0,7	6,8,8,6	8,9	febfdf99bc27a7603b1a35afc2fbc97afc8f8490b53d76c17b8f14cec0202d39
E77	13	0	BB	0,6,6,1	13,1,1,13	8,9	8c058de2d2b681617a8eec5bfb7551937074a4d3d45c4668c6448918436439a2
E77	13	0	BO	0,6,6,1	13,1,1,13	8,14	12bd5f278397e4b0a0f36b7255b547dc0b6e6ecbedccbe3e303d22b6e1e0ab14
E77	13	1	BB	1,5,5,2	12,2,2,12	8,9	2fda8dd4f2def19338b3851616912eeb88ac7d41475ecdc8a5652f195b5d34de
E77	13	1	BO	1,5,5,2	12,2,2,12	8,13	4eb522475f1fb3da77d120e2b654a90ec2897b9de4adc21574a6e3783b2e7ffc
E77	13	1	OO	1,5,5,2	12,2,2,12	13,14	e3795b39fe449293775a3efe781faa1652a70a02748a53628bcbe48f6951194d
E77	13	2	BB	2,4,4,3	11,3,3,11	8,9	f6a994325422ad02f031bc92ad8f9d1cdbaf8ac674f7523a09127dbeb6d9d11e
E77	13	2	BO	2,4,4,3	11,3,3,11	8,12	bf7a8709beecd70abd1fd9877d781c82ce6570146808d970ed7b9386bf1d8b85
E77	13	2	OO	2,4,4,3	11,3,3,11	12,13	691a46c405fa8cd68ee5c5925af97f64c7f4201afc6c74332a8ec3d0b8814e5e
E77	13	3	BB	3,3,3,4	10,4,4,10	8,9	ffa3586a53432a9c3e350e729df055478e11c1e7ad391ba442ade9501eca842c
E77	13	3	BO	3,3,3,4	10,4,4,10	8,11	bca6dfdef2dc91fce0508472ee9ed3e62541e068eee2eb8167bd7d18d23cf7bf
E77	13	3	OO	3,3,3,4	10,4,4,10	11,12	56f30d5d5135b0b4bf40e307ab663c0607bdb5dbddc4128b50ad5773cb553f65
E77	13	4	BB	4,2,2,5	9,5,5,9	8,9	1ed7e1988b47bedd800d589166167010047da5793c2959d6c9662aaa52a377e7
E77	13	4	BO	4,2,2,5	9,5,5,9	8,10	ef4caac70218bcd80e944d388f80ec5ad695af911991a8351c589666b529e417
E77	13	4	OO	4,2,2,5	9,5,5,9	10,11	ebf5024018448e2f233d67344dbd1160e65ae4720077cd7aeb32d660fe3e5085
E77	13	5	BO	5,1,1,6	8,6,6,8	8,9	7b31c489ad830b784c14bfe0e199c1b9429efcfdb56e75a3df5e9e13a4572450
E77	13	5	OO	5,1,1,6	8,6,6,8	9,10	bff957b2e4734a2d06745639603b701559f3f0d227d2621d30f31c81a014665d
E77	13	6	OO	6,0,0,7	7,7,7,7	8,9	3b2e9d5c4b33bce51b3438c9838d7581be75f86be3f173c0349b10fb7c4d9ef3
C8	9	0	B	0,6,6,1	9,5,5,9	29	612dd1b443f8e59717af8f305f740b2a0f17b2eea492b2626aa6f08699226e34
C8	9	0	O	0,6,6,1	9,5,5,9	34	6a23b98c1a67cd02da42899f219855b8c11b751cb8c404e872443740bb213e92
C8	9	1	B	1,5,5,2	8,6,6,8	29	0700a1ca43c32a6c2d545e928c9c339d02382998926383b284cc8fccb5071f2c
C8	9	1	O	1,5,5,2	8,6,6,8	35	cb8aa44673edfd47b9ad2c56c7ba70a0aeadf205219e2fcee7d0462effb75cf5
C8	9	2	B	2,4,4,3	7,7,7,7	29	5d9728eaed69860ba275adc0f9c30f47e2f9d479a55fe2424181eb26b5c3c9cb
C8	9	2	O	2,4,4,3	7,7,7,7	36	508d7297c304b3e1b9f7229c63a643cb9cba51f4b1515a9136521813af134310
C8	9	3	B	3,3,3,4	6,8,8,6	29	407ec3cf0a721bdadc29778531e80d1047e6be4d3cff8fa69944ab1230d187da
C8	9	3	O	3,3,3,4	6,8,8,6	37	229e7c95ee52b0ba110e73546ecacc0247b3d485b425cb2b43c92da779541cbb
C8	9	4	B	4,2,2,5	5,9,9,5	29	8733fccbe2cd364155043a54febf59dc60559afe933a47fd52dab29bece12c6d
C8	9	4	O	4,2,2,5	5,9,9,5	38	3a5ae9049b4e63bba65d1043531eb20c63cd01b7305922b941000a31aee79cbf
C8	9	5	B	5,1,1,6	4,10,10,4	29	cc7978f9a0ae41e3b0f352c876782f4bef58200abc3eb4bb1138f52d0b21c6b6
C8	9	5	O	5,1,1,6	4,10,10,4	39	79b8f9bdb8c66e48a9f39796b2e195245dbb711385c1f1764621ba38a734f4b2
C8	9	6	B	6,0,0,7	3,11,11,3	29	f67c602a2db963a0c0b5f88a0b098ed74176c8cfee9a5ad6a18c49032f6d62d1
C8	9	6	O	6,0,0,7	3,11,11,3	40	9fb6b046eadadbdadd7323dee449b62cb751baa70ef9d40e1728c8ec0de90c7f
C8	10	0	B	0,6,6,1	10,4,4,10	29	ff12afa9a9cc5b1529b7ef1f654810f2acc57a3268fda715666032a2d75c0b98
C8	10	0	O	0,6,6,1	10,4,4,10	33	c1e90d5ce7f4c5297c1f5577f5c62f4472111a2a2e8ede1dfd99f6aa66f805ed
C8	10	1	B	1,5,5,2	9,5,5,9	29	1eae93a021d966e0ab1fa2fefe7c649b90cfc48677d88ccdc9f1d9a888648836
C8	10	1	O	1,5,5,2	9,5,5,9	34	aedf46a0bf51cd372eead17e4b00272d9d190e344e3fa5640a6d5dec1c81875c
C8	10	2	B	2,4,4,3	8,6,6,8	29	f080beed3ea09f3a38bd55df0341608423edfab672d7d15ba7836d8c25844b75
C8	10	2	O	2,4,4,3	8,6,6,8	35	426ed69e22a735c31362779c124d8ef93f17b78c198a7d38f6fafcaeb107e57a
C8	10	3	B	3,3,3,4	7,7,7,7	29	4a71f030d21b1d78fbfde0633a59e9fbd7d6dc2e0ccf2551caa387a91e01282b
C8	10	3	O	3,3,3,4	7,7,7,7	36	82c48d66d6290fe8fb1e9bddd98349a10561fae1bdde0e21d0bf170d607cef34
C8	10	4	B	4,2,2,5	6,8,8,6	29	5bd6385393ab22eafd55e6e603bb89fdc94fd81247613502d267f44359f7a6a0
C8	10	4	O	4,2,2,5	6,8,8,6	37	7629a23edbb2d2a751bf8e811fb9033dfac31d9c2c64294639cbf8751662281a
C8	10	5	B	5,1,1,6	5,9,9,5	29	bdb11e624559d290f8b2633f5dd895eb667fcf5642458ccd494df84886598c5f
C8	10	5	O	5,1,1,6	5,9,9,5	38	4487ae90353f543edff7da1198c7b105e3b910cebcffb3a2f19271a8767b2128
C8	10	6	B	6,0,0,7	4,10,10,4	29	a8efead5246a9ccd772eee9f29be0e2ece73c2b893d2afa6182173d673bdac4b
C8	10	6	O	6,0,0,7	4,10,10,4	39	d591b87c5baa970edd0d8653ba1d2a1f416be5ee168123ee935aa718120b12bd
C8	11	0	B	0,6,6,1	11,3,3,11	29	01e753877789ae495576c2df344d3e38668bf3b08e4851b246e9038c9cc9ad63
C8	11	0	O	0,6,6,1	11,3,3,11	32	25175e6b0596cd157180c7195b2bfcd457431638f92e71409a2eff52f7f35d2f
C8	11	1	B	1,5,5,2	10,4,4,10	29	04113908709ddea7f6ee9c5531570e671a9682b42408f807b6b958a5bd76c34d
C8	11	1	O	1,5,5,2	10,4,4,10	33	7d28995e4dbf954c71f07f9342d40d68a1d9b89821f8e914a5ef339b51876845
C8	11	2	B	2,4,4,3	9,5,5,9	29	90abf8184fe253cb5f747baa30b6fffec6777927cfbb085f19c1faf140790246
C8	11	2	O	2,4,4,3	9,5,5,9	34	f75e6c4b1626347a9c379e4a72005c529fae391213eb54ececfc2c7b3a26a0e2
C8	11	3	B	3,3,3,4	8,6,6,8	29	a4b4338626d436f37eedc45cd1c62de890d2274de4ded9b75c9ca77d589c6f52
C8	11	3	O	3,3,3,4	8,6,6,8	35	55c6e04a8b110c7865e9fbb057aab2d42186f973fe8d5bf4d60fa602e6b7ee1f
C8	11	4	B	4,2,2,5	7,7,7,7	29	2d8274b389e5b3e07bc7ee098f3c086875736fbc78e6d39822b2ecffa8dab546
C8	11	4	O	4,2,2,5	7,7,7,7	36	ff083e842a66f5a4af690fddbb3135a9d434455f0d2afa2a71bde2e1c8c9c27a
C8	11	5	B	5,1,1,6	6,8,8,6	29	ef65146041b90cab1a3d86f41adca190ce90900842e00e2a80d6847408f984ec
C8	11	5	O	5,1,1,6	6,8,8,6	37	98ed21a1e995ea40fc0dd6ddc5778012a04715e785532833e47aab5cb78f8c61
C8	11	6	B	6,0,0,7	5,9,9,5	29	a69905fbed237a14b4f2c2656992b6ed2d7a790d946d1df20d2e2a1fb86709ac
C8	11	6	O	6,0,0,7	5,9,9,5	38	88e5b97a80c8eb2fa4ab2440b9342e9e2dac832873aa1c831cf3e8b61c6529a0
C8	12	0	B	0,6,6,1	12,2,2,12	29	f66f1d5663a543fe99a8106d1e7cfc3e1643b1197e31d85afce273f0cbaee746
C8	12	0	O	0,6,6,1	12,2,2,12	31	9b8222f33cc4c9e4c426b8c28915afbce6db181d2419e05467593d2ce6b1da01
C8	12	1	B	1,5,5,2	11,3,3,11	29	b8855fd5ab5aea8c0b981bcf8a50e9abd8f6128b7762cfda49372e5379ec08c6
C8	12	1	O	1,5,5,2	11,3,3,11	32	95a08c7e26ab45ab6b0423bdcf6e54e0a67f2bee33a49f717355f3eb9275fd4a
C8	12	2	B	2,4,4,3	10,4,4,10	29	b025e7a4e4f28361c9f6d95aebc9f44247d10e6c00bd088c239e00644bb925ff
C8	12	2	O	2,4,4,3	10,4,4,10	33	f0b6c10240bff84c029869d5d4e53cdefa3564cbc5514f7632e75d38da78e5de
C8	12	3	B	3,3,3,4	9,5,5,9	29	0dbbb3f5d099fc260d5ab069143c5ff598ff363557863738b136c4630a150d5f
C8	12	3	O	3,3,3,4	9,5,5,9	34	33c95c771a0ad66b89c4e47cd2d44cc9aeb1b95a40f8c274c3204e4d7ac37700
C8	12	4	B	4,2,2,5	8,6,6,8	29	ab9a2e675c1f072379a2cf201d644886a73880f06e38de8ad6e7cbb53f765216
C8	12	4	O	4,2,2,5	8,6,6,8	35	c77216014ae07fca6ba59e2f46f7b5cc65a384ebf79d6b61479f62caf5b7390f
C8	12	5	B	5,1,1,6	7,7,7,7	29	0245b61792d00e96d96879ba247c26ab39444996a9680ecc537b7dc5f17b90f2
C8	12	5	O	5,1,1,6	7,7,7,7	36	4696d34a8d8b4c4b0574ee933fe7e9a5ed5b5c4177197156dbc88e1eb5ff450c
C8	12	6	B	6,0,0,7	6,8,8,6	29	7322eb6bee086f7a48b02a361634a9526a3772a265dd22243096c5d2e54a50bf
C8	12	6	O	6,0,0,7	6,8,8,6	37	613cb23626960c7ed979421f98c9b614a944369d552583a84e68ebf990631d45
C8	13	0	B	0,6,6,1	13,1,1,13	29	475710d47cff096330c424fece6a6a6655a913814cd55de9c3618158670ecc30
C8	13	0	O	0,6,6,1	13,1,1,13	30	9544549ca35244f178cdb74703426e0aaeb7308fb734b5efc017146bed984fcf
C8	13	1	B	1,5,5,2	12,2,2,12	29	44bfcfe7b69c2a8925f9a8b3de6c7f9f3cae2128840ebe4e4b0c5e9b8b3503b7
C8	13	1	O	1,5,5,2	12,2,2,12	31	bae44b7444b4c319fb73bf4753adbdb210ddca83a3b0b6481c1ee05e07c2dafb
C8	13	2	B	2,4,4,3	11,3,3,11	29	315d29c831a90b193983d76b75028e86edba8eb1ae55c47354b7d2b3167fe4a4
C8	13	2	O	2,4,4,3	11,3,3,11	32	a2cec04e66025322216af11bc3d4e950e3f9fd6de817bf8eb8eccde16fe72ff7
C8	13	3	B	3,3,3,4	10,4,4,10	29	8e410e1dfccdade1867089402f83e3e52764ca2afc8f66467297b1818e1335f9
C8	13	3	O	3,3,3,4	10,4,4,10	33	a34b784d787b40683dbb2f3b9c9910480056179f6a0e81c3ae0a319d07b0bfd7
C8	13	4	B	4,2,2,5	9,5,5,9	29	267d1abbd3f79452f5e582450cda17a7ba4c7cacfdda441fd1bcddaf9456f5ce
C8	13	4	O	4,2,2,5	9,5,5,9	34	0592645ee34d21bdacdaa757c3e87e9e8ba1e7d215aff0c280dcd76b1928fd78
C8	13	5	B	5,1,1,6	8,6,6,8	29	a18560e34f6e2ccdba0fd8ddfc4f4fddc1fb066cf09a1439a958e89f2e7e2c6e
C8	13	5	O	5,1,1,6	8,6,6,8	35	0ff5817e97dd774f7ffb355cfb77841a7d35086fadce079b75e50a966fa12d95
C8	13	6	B	6,0,0,7	7,7,7,7	29	7fc32976e6737a70b28b699f5dacf126f39d7a280ecf07110a2aa7879d379dfe
C8	13	6	O	6,0,0,7	7,7,7,7	36	7971a2fe6591ade5a7fc1085287b3366dc1e4e4085dbda7a62031bf6d6438d5d
C77	9	0	BB	0,6,6,1	9,5,5,9	29,30	a270440c29b1331da3383d75cce445389c4329ff9c86fd45ee6381cfa1fed543
C77	9	0	BO	0,6,6,1	9,5,5,9	29,34	6938e61ad200e95e48a56e62e20fbcf8ccd10647f1ca5f9c8bae3dddbd0a5535
C77	9	0	OO	0,6,6,1	9,5,5,9	34,35	1d03e4d4142751f0d4ea84ebe6b07cbcc075d568dca7b2d987cf07c7aec2622e
C77	9	1	BB	1,5,5,2	8,6,6,8	29,30	c5e369f71573285dfc5a317e47c69997d241d009ae302f47bde2f5da47732711
C77	9	1	BO	1,5,5,2	8,6,6,8	29,35	b0be4d4a2a88216deadceb4f235d4010169a9604f792067933ae378fe3244038
C77	9	1	OO	1,5,5,2	8,6,6,8	35,36	a1d4544ee23fdb964313a40153def75b8d5e22a437a092e9449876b789781b44
C77	9	2	BB	2,4,4,3	7,7,7,7	29,30	c2d3f7e47175fed194a7864a4e2af5614fa2ef654ae92b961a20b3e533fdd968
C77	9	2	BO	2,4,4,3	7,7,7,7	29,36	46ec3d3b997e313a2f0a681acc4f0f5aaae7a7bc94fb25cdf762445e9044737a
C77	9	2	OO	2,4,4,3	7,7,7,7	36,37	30317b2a1e3ea09eea5efb593e40c1c8c20a09b09adf425b7c91bf5e5469cf9f
C77	9	3	BB	3,3,3,4	6,8,8,6	29,30	f4ddb9fc18c1373dd5a2c4224c7fd46c465fa1bc5bda8d96cebacf477444b538
C77	9	3	BO	3,3,3,4	6,8,8,6	29,37	f05a36e90e9b04f5868b9deb832fecaebd0f26f000174a2838530fc7318244bf
C77	9	3	OO	3,3,3,4	6,8,8,6	37,38	b91b4e6863268f845b32531fb8ce3a031db46385e7e805149b0f3d4198a681a9
C77	9	4	BB	4,2,2,5	5,9,9,5	29,30	8fdd108d6da279870f0f3a0371ccd6beb6331048baf6be9b50411e7e5db11ea2
C77	9	4	BO	4,2,2,5	5,9,9,5	29,38	87b2dc0619152e65943a116cdce12dc99285ddac806f10b1274a85d721615b0e
C77	9	4	OO	4,2,2,5	5,9,9,5	38,39	8cc7a6c90e27ed7934c248e595bb636c0bb6aff5f91271ae41a6ecd13fd0a140
C77	9	5	BB	5,1,1,6	4,10,10,4	29,30	5c4989d7af1f3beba7b1920562e5e38d7287ee58bb685f7dbc2aeb6c80f4e360
C77	9	5	BO	5,1,1,6	4,10,10,4	29,39	ff386c9f713c4e7a58dad44bb9fe5bbdedbb3e8d9422a5b62cd0c75e59ddadfc
C77	9	5	OO	5,1,1,6	4,10,10,4	39,40	f5a44cbbeaacaecd7a52bfc6acebd9447bd8824c9a10109dacb7afa6d04f099b
C77	9	6	BB	6,0,0,7	3,11,11,3	29,30	1b953b3d398832e9aee76f00d6e3dd905ba98748db70b2352858b5d1e9184d1f
C77	9	6	BO	6,0,0,7	3,11,11,3	29,40	c592bfb3b7974b907bb6460a058afcf96c7cce98ab152a53ddfb542330c74f9e
C77	9	6	OO	6,0,0,7	3,11,11,3	40,41	8b5a758bbd9559182ed7d6f352d3ff1b29e249416bb167ec955f74208a72d922
C77	10	0	BB	0,6,6,1	10,4,4,10	29,30	6c3f57cb86359221102d1cd65e46f96979bc97bd43a14a4c4376760429921cc6
C77	10	0	BO	0,6,6,1	10,4,4,10	29,33	3cb463794a1dc0d442db1a8fa5ceb9efdb50f32d99081cca038bb73ebb303538
C77	10	0	OO	0,6,6,1	10,4,4,10	33,34	8d38fac1d9def6aa2f63cf7fd8326acbeb3185e615c5671f5c8d73672c87c14c
C77	10	1	BB	1,5,5,2	9,5,5,9	29,30	5caa22eda7cb78a094cc0fb6db2e662e3129894846cd3ef2722b25c080631105
C77	10	1	BO	1,5,5,2	9,5,5,9	29,34	c7a81a26ead9fb46c03ba68e2eb692ac9f7d9e5acf512c5ebe9bcd80d385b3bd
C77	10	1	OO	1,5,5,2	9,5,5,9	34,35	8ea39b22d3f8aa4e2b291ab787c8ffb84997d662dca4df72985dfcc3592f8ed4
C77	10	2	BB	2,4,4,3	8,6,6,8	29,30	855ba2bdbd7ae9af8da4395cbc01fcb428e0f2f7d51a5d590adc2982aa181b2b
C77	10	2	BO	2,4,4,3	8,6,6,8	29,35	1e69c47207734a1d917dedd28893a3c8cb397ea54a94012a1409f20bcd22e161
C77	10	2	OO	2,4,4,3	8,6,6,8	35,36	50ffa025a5351c409ee7b425371db9b3a56541923f848494e153b35f979c1b64
C77	10	3	BB	3,3,3,4	7,7,7,7	29,30	2b8b3413efbdc0232975ea13cd87ca7ce4d72aeb1b09cd740dcca9ebb25a06b3
C77	10	3	BO	3,3,3,4	7,7,7,7	29,36	291d9ef6a65622f8e0a2ac0eea4718c16e4e69f9ab7df0a133d51319c56b5e76
C77	10	3	OO	3,3,3,4	7,7,7,7	36,37	acbc884546925b14a31973930ef2665370261bd5a2370f5f83682ba4c5275afd
C77	10	4	BB	4,2,2,5	6,8,8,6	29,30	49dfa60e205a9679ef7ee0baaad281d270806469448fe81fd8c053289c57abec
C77	10	4	BO	4,2,2,5	6,8,8,6	29,37	f6d771dba30d31e10dd8b9a842fe0d50589789da27d5193bff171159c2bfab1d
C77	10	4	OO	4,2,2,5	6,8,8,6	37,38	327cf947a4a2bf0bfa7b6fdd4556f83680a206416a9c113a276e21743163762b
C77	10	5	BB	5,1,1,6	5,9,9,5	29,30	89768f07ced322aefd644414756902587da28edc38b2acad6344e91585a8a10b
C77	10	5	BO	5,1,1,6	5,9,9,5	29,38	e01bd7624570526359a6b3bc86458df946a1fabe5a7657cbaff41f9c0d2e2218
C77	10	5	OO	5,1,1,6	5,9,9,5	38,39	8e905a3b0ff0e31b848d58b736fa6797a3fc90123daac61e4ae5fd785013821e
C77	10	6	BB	6,0,0,7	4,10,10,4	29,30	81b4e85f33f6c403b595565b4224a9d36c9539beb831a284de20fc9891bb4626
C77	10	6	BO	6,0,0,7	4,10,10,4	29,39	a6711e57f0054e579725a7b5d2fca4ee84b2975b4c318833290287b6e6e81ec1
C77	10	6	OO	6,0,0,7	4,10,10,4	39,40	462d5e2b46eb525a9278aa5226ecef3ed8307806c0a0068f5005ce59900bc3ae
C77	11	0	BB	0,6,6,1	11,3,3,11	29,30	cbcd53be3ff8ac6d56dcc271b73c0f40bc505d5bebb40f8d7c7af9bf0b52face
C77	11	0	BO	0,6,6,1	11,3,3,11	29,32	798e446509f05100ed8067ff467e3bda5edf2ac4fdaf5c92914cc13a3e2789e4
C77	11	0	OO	0,6,6,1	11,3,3,11	32,33	3842dfe7a1574556792ac7592ef33137cfab587f12fc0be1cd9503199d3f0d08
C77	11	1	BB	1,5,5,2	10,4,4,10	29,30	9710e6f98dc0c7490c772db6009228309468e22a0e1de51cb32743631924805a
C77	11	1	BO	1,5,5,2	10,4,4,10	29,33	514d2674a2d541be8edccf760286536f6b281eee989f8ad7e16c4afd82b60898
C77	11	1	OO	1,5,5,2	10,4,4,10	33,34	f909ad161306750b0a37dc614e82b8bf1be3e7bc7ed42d67052ed35ccd509b63
C77	11	2	BB	2,4,4,3	9,5,5,9	29,30	3d2dc7c9d881b44f94b9e3e3d467ba857906a89e14bda963d0512268b579c7a0
C77	11	2	BO	2,4,4,3	9,5,5,9	29,34	80334803a4eea1d19e013ff0177a948b3eaacd3634a0095e17aefb862a2f2e15
C77	11	2	OO	2,4,4,3	9,5,5,9	34,35	50a1d6e22db232ab72a30ae853fd536427c7becd129ac6124a3eb96d19dcebd9
C77	11	3	BB	3,3,3,4	8,6,6,8	29,30	65c99fc2385455d1b39d8b5e658ea8a0eaf16d78464739382d006e6c023ef34b
C77	11	3	BO	3,3,3,4	8,6,6,8	29,35	a1d88bcb461c97d7462f970e4934b7818eecf32a90bbf0c2669b1dae6fbf0165
C77	11	3	OO	3,3,3,4	8,6,6,8	35,36	cc2f694132a1e6705df26f26e955cf5af474a5a8ddaebc378ddad3a14826c432
C77	11	4	BB	4,2,2,5	7,7,7,7	29,30	c9349794e227032a50ad1df44033ca272037f50470c6839c0d039eead5d018eb
C77	11	4	BO	4,2,2,5	7,7,7,7	29,36	c0f0e7fa2db90fbfa929793a685f22f2233b979be05189e56cb6c5978551aa0a
C77	11	4	OO	4,2,2,5	7,7,7,7	36,37	a16c432880a2c174443b1f662caa5ce074cf4be2ce154d408e76440ce01e8b15
C77	11	5	BB	5,1,1,6	6,8,8,6	29,30	a3f96c771567307222203dcf1fbf225595a3eb381ea71d1d9ff277254582729b
C77	11	5	BO	5,1,1,6	6,8,8,6	29,37	8e00f1682bdc51c56c6db454e521c2be33cc6268a0fe303fe3648b310f6fa223
C77	11	5	OO	5,1,1,6	6,8,8,6	37,38	347e98c7ce5645c555f04b66033cc8bc7d265f9f1ab3c6b6de7939168b4c20f5
C77	11	6	BB	6,0,0,7	5,9,9,5	29,30	4a41b3624b0af57bfaeedee5bd6bc9f3d8bb30293ee0db787e95bee3dd2648a7
C77	11	6	BO	6,0,0,7	5,9,9,5	29,38	c5e412316557ceeaa2133d2bc384139b09e5375d5dba6a57e4a46240ca265799
C77	11	6	OO	6,0,0,7	5,9,9,5	38,39	abc3bc6a3bf5b69a5aabf4ad6fe93d51cdb36e6bd9acf0181ebd1f857a63b273
C77	12	0	BB	0,6,6,1	12,2,2,12	29,30	a96e12c61ad11118a759b97d6c14851a0a52c54829c64c60973f45d0ba33497d
C77	12	0	BO	0,6,6,1	12,2,2,12	29,31	2898981bffed217996b2b8cbe6fee57f2805d85f7c7562f9d77317075d5a687e
C77	12	0	OO	0,6,6,1	12,2,2,12	31,32	88a894bcc81f32ea655ee9305eda11e715be4baee38ac07a69ed3637882075c9
C77	12	1	BB	1,5,5,2	11,3,3,11	29,30	92385521b1c7b6fa8980390cd4775ef811450dd9e1be4a17265408942180de64
C77	12	1	BO	1,5,5,2	11,3,3,11	29,32	677f6eb8fc3ffadde3b895de8b4e50cb1ceadcb80a5ee5a048d055694d7e675f
C77	12	1	OO	1,5,5,2	11,3,3,11	32,33	78a464e12a6f2102c130a654084c7e9b472efab5f4939c2bf24612de73bc8313
C77	12	2	BB	2,4,4,3	10,4,4,10	29,30	eebf1c20b4749b575334f6b5c41b96b9a90a2b4bf3ab20a6335ab9eb5d0c9551
C77	12	2	BO	2,4,4,3	10,4,4,10	29,33	7e902beb5cfe91a54183483e30c90a24e8135b59511682b4d3c9cfb0acc6d66f
C77	12	2	OO	2,4,4,3	10,4,4,10	33,34	91fe30eb57ffb6118a639304d8efbe072ac12e1ccb12a1179c676c30eb6c8ce5
C77	12	3	BB	3,3,3,4	9,5,5,9	29,30	51822f995e07510fc9eb7601d07394378bd5ae9da2213a75fefc8d4f568c205b
C77	12	3	BO	3,3,3,4	9,5,5,9	29,34	540b094de0a0b53ed6f47fb6ebed6334773e275b3e73c88005f76ae5cf7e7b22
C77	12	3	OO	3,3,3,4	9,5,5,9	34,35	be6f9c21b72119cfce7081e312a8538eeb501204f96dc867766be8f4deaa1f88
C77	12	4	BB	4,2,2,5	8,6,6,8	29,30	cf8f554ef7676c192daa7860c3842a651424c2c9e235481cd337d2f5cadbadc8
C77	12	4	BO	4,2,2,5	8,6,6,8	29,35	cd7d048f53a6fa386cd0d50737d95c31369c6f3c25982526a61fcc716950ed96
C77	12	4	OO	4,2,2,5	8,6,6,8	35,36	c8a63b93cfbfc68bdbcfc833118112cd284d0831453028da0e98b5afa83c6301
C77	12	5	BB	5,1,1,6	7,7,7,7	29,30	49aaf3998b1b4c5d62366c9242db1a0464c679c593c3bab3a2dae03ea0abeade
C77	12	5	BO	5,1,1,6	7,7,7,7	29,36	5061bd8529f731aa3a65d0d722b9f3492654119b565889be89a675e941ef7951
C77	12	5	OO	5,1,1,6	7,7,7,7	36,37	e5ed9d4066f4a71ec3beb9b45ebb9c161a815859a230edc44039380d2c9f2719
C77	12	6	BB	6,0,0,7	6,8,8,6	29,30	153f21d565a307e1a0b29666b854553f5edfc888ad4ac1e906d71bd7c11509e7
C77	12	6	BO	6,0,0,7	6,8,8,6	29,37	768b66e7ff78dba66f98148bbd2d22e421113b76d3fd991e8313b09acf96228f
C77	12	6	OO	6,0,0,7	6,8,8,6	37,38	da98a345d03a5ca8fee832da4961fd5fe9ebb625cba9186bbfd858c7ff424f74
C77	13	0	BO	0,6,6,1	13,1,1,13	29,30	f0cad4f29930f3b8765c11f8ba76a83c081fe2c68b6aed3bdbc38b4be5b2b813
C77	13	0	OO	0,6,6,1	13,1,1,13	30,31	ebca02e936c5b8cfbacf6b8b3fc797eb35d01ca1e9792ccd5d7da7a2b9bdcbfd
C77	13	1	BB	1,5,5,2	12,2,2,12	29,30	40aeab6c76e604641719da60b017ec4e831090f8b8804beb12daff324c0cc75a
C77	13	1	BO	1,5,5,2	12,2,2,12	29,31	99d3769a8ad323625b97dc39200ce0d528655642b2d10e11d9ca1d1f6d820a64
C77	13	1	OO	1,5,5,2	12,2,2,12	31,32	a070b9b37502930ae6275b2c5a3dbd9a850b2e43f85fe1633ec7f5b42f8e2be6
C77	13	2	BB	2,4,4,3	11,3,3,11	29,30	77816beef8f51d164360e45b6c4b21a6e47e63ed416d63e44ec71e1653639bcf
C77	13	2	BO	2,4,4,3	11,3,3,11	29,32	b71cc3ec63534e850df4157f1ff1b0c4c6b86c07931de75c5418976204328be0
C77	13	2	OO	2,4,4,3	11,3,3,11	32,33	a56150838979ee44b3951c7a0030e520ec76ff38bc0565cebd72ffbb7537a783
C77	13	3	BB	3,3,3,4	10,4,4,10	29,30	900f3a66ee6e6277f17d22317e8ad3541910f2680ac3c30bdd5436859241adbb
C77	13	3	BO	3,3,3,4	10,4,4,10	29,33	2197433c5d70db85fd6eca80a8b100b468250463ea3b8b11a36caf3ca2213b20
C77	13	3	OO	3,3,3,4	10,4,4,10	33,34	f9850ffba4f22f49a4dd1f1bdab2f7587c502761d169d56b5076a26ac9f1769f
C77	13	4	BB	4,2,2,5	9,5,5,9	29,30	d36ef54259ef00b41ae96ab971d4a5f5b48dc706cfa8b070a7df6cfa4cebd93b
C77	13	4	BO	4,2,2,5	9,5,5,9	29,34	e0dabbe7771442af117aef7a5ffcff877e7335a56a32019d42a291b9a7b84b89
C77	13	4	OO	4,2,2,5	9,5,5,9	34,35	30c6b47e3d42f38662d30b234bd59667c512452c96d1bba35e73f8ed7f310862
C77	13	5	BB	5,1,1,6	8,6,6,8	29,30	a7c740077dacf9db722803af2f2e8207b1b17fb6b5e2477ce5d0dbeba5baba5c
C77	13	5	BO	5,1,1,6	8,6,6,8	29,35	e9e844bb2865831b1186d04e985c989e05b9aabb6b1a23ac790ac3f9bcc75a7e
C77	13	5	OO	5,1,1,6	8,6,6,8	35,36	0f6fae37c736b163c4d1d116965ca2565062b321a02f9afe5e9832cc8a0c23a5
C77	13	6	BB	6,0,0,7	7,7,7,7	29,30	991fcb44f5f613371e8d3f7508da0e886638f642ea9d4431e3faf8c0f412c140
C77	13	6	BO	6,0,0,7	7,7,7,7	29,36	79068287cca7f16faa230c79d9495e57dcb893c46803476b63854a7412e2363d
C77	13	6	OO	6,0,0,7	7,7,7,7	36,37	2c05c9b9e6e18a03be49a28eb076d91ced56181fff33c04b9a8c84192436d7cb
C77partition	9	0	HO	0,6,6,1	9,5,5,9	15,34	24fd94873758bce97a47ff624e5e8d791af140d80f7ccff9d88ec5366f0323dc
C77partition	9	0	AB	0,6,6,1	9,5,5,9	24,29	40cf0a2c759a38df1eac3460c77a1216f733af0ec91d881b58ad5c0c63fe627f
C77partition	9	1	HO	1,5,5,2	8,6,6,8	15,35	d066bbaed412a5cd8832477345ac52079fa853ef1e2e3e9ebaed3a34dcc54ec4
C77partition	9	1	AB	1,5,5,2	8,6,6,8	23,29	9f2660a4600001dcaa128c864ee210b1ded89166e5d07fcddc6801e4e8d215b9
C77partition	9	2	HO	2,4,4,3	7,7,7,7	15,36	c0624e795f4093b2d8d91eb10699057f1d41f4ea51984963bb8e7abcd7ee8b82
C77partition	9	2	AB	2,4,4,3	7,7,7,7	22,29	20c15c759d92011e740bf7a51b9b90c958dca3f38f3af4261e7aed964783d8ef
C77partition	9	3	HO	3,3,3,4	6,8,8,6	15,37	d1a020a1f1b12bc52ab38500fbc8df0c4355156a114b3672471a7d40596cffc4
C77partition	9	3	AB	3,3,3,4	6,8,8,6	21,29	c142e9f2fc28c82d0ba2874b40db517a8a5fdb1b1ac22b4d830376dc46d3fff6
C77partition	9	4	HO	4,2,2,5	5,9,9,5	15,38	7606d38d89cc64190b1bf4e441ba0d77597f50efd7837b917e531de83ceefdde
C77partition	9	4	AB	4,2,2,5	5,9,9,5	20,29	40a0e701df5330012d8e242365ce417fb2631840bb4b8b10b76fe561ac5241e4
C77partition	9	5	HO	5,1,1,6	4,10,10,4	15,39	cb566d16ced5dbdd708276b12adc7500de15a1875497350bba3ebff1fe3942a6
C77partition	9	5	AB	5,1,1,6	4,10,10,4	19,29	d1e6ae7f1eeb1c82827c976d5efed0607e8f0b29f837f1cca1fa1a3b155c2d27
C77partition	9	6	HO	6,0,0,7	3,11,11,3	15,40	ce84f41de2e8652e9a77cf77c7a8553f4385a065b6f00b6bf371ddcf7f0bbf6e
C77partition	9	6	AB	6,0,0,7	3,11,11,3	18,29	ba6e91a5d2a82caf026f3be2119bfd535d32e07b8a7d3bd7616a2e5eeb8ca799
C77partition	10	0	HO	0,6,6,1	10,4,4,10	15,33	69f849a4eea6cf400e9bddac419bfdd37eca97451186d7f94a173b85a5cdd6dd
C77partition	10	0	AB	0,6,6,1	10,4,4,10	25,29	e4a5ab9b9fe5ed502312d1c0941af6eb0d4b2f2058fe6cefb0b272104dcc1687
C77partition	10	1	HO	1,5,5,2	9,5,5,9	15,34	de9367ad828329fe1feb14902ecf6c22b87f5d4a4fd4600aaed163fdc830e9e0
C77partition	10	1	AB	1,5,5,2	9,5,5,9	24,29	b0a56634bf4dc74bea1bba487f0e3caa824c6cc0abc687dcafe0c9781406836b
C77partition	10	2	HO	2,4,4,3	8,6,6,8	15,35	755f7f641f7a8b9a8b2b685bfeff67009f0e3ec4fd9b73517456a0d2d041201b
C77partition	10	2	AB	2,4,4,3	8,6,6,8	23,29	8bbdcbe1d344be0dbc05f0eb655ba347c915744c1277a6b9dcbbcdaeebfb3dfd
C77partition	10	3	HO	3,3,3,4	7,7,7,7	15,36	c398441a3ab678f08283833c575ba78f7ece962a35d8a4b7458e73c422c894a4
C77partition	10	3	AB	3,3,3,4	7,7,7,7	22,29	223dd6c6fce31301b1b94b93b6a2a9cd634f86078b626d29df2afb2dfbb768a4
C77partition	10	4	HO	4,2,2,5	6,8,8,6	15,37	a3d5f9133e5a242e5fe4f8c60f806041a414bbf971632ecbc4baff20123c2d2a
C77partition	10	4	AB	4,2,2,5	6,8,8,6	21,29	7f92f46501cf5abaf8daf6df8cd1aec061b2af7233e84ffd8def53e3dc9ce56b
C77partition	10	5	HO	5,1,1,6	5,9,9,5	15,38	05e9aedd0565a6c72396404246c21af3cacde6370061950a5927c04ed9064190
C77partition	10	5	AB	5,1,1,6	5,9,9,5	20,29	379be15f53732e1112b27047a2502b477e42dbf72e8da09e014d42b819ea2e4e
C77partition	10	6	HO	6,0,0,7	4,10,10,4	15,39	bf2fc4eb256f8d6a565a46a9d2a0f53e042032875ed8c9dc0a592825c7dda4c4
C77partition	10	6	AB	6,0,0,7	4,10,10,4	19,29	62119d91b77bc8f3a97f5a3de6609c82f9fc0edb6b7e48194bd3c8896cdeacc8
C77partition	11	0	HO	0,6,6,1	11,3,3,11	15,32	182f9d512cc93da08fed3019e86ab14260b86bf834fd5c62adb58290f89607ee
C77partition	11	0	AB	0,6,6,1	11,3,3,11	26,29	78ab12b48b646057e289c77971892b647c8dd1fce6f8a400168bbe6572639d5e
C77partition	11	1	HO	1,5,5,2	10,4,4,10	15,33	0897442894177389de38bd650ca3bcf6e2944a0c1ac2ebbd5a4a84fe702355a9
C77partition	11	1	AB	1,5,5,2	10,4,4,10	25,29	f9d5602c146d5f140d0331c7bf9c78c038acd6f373ec10f3bc44351c71f6d5b6
C77partition	11	2	HO	2,4,4,3	9,5,5,9	15,34	c5d2dd4165e97e2cc01b448047fa35295f154abbc846a88d882135fcabbd8aab
C77partition	11	2	AB	2,4,4,3	9,5,5,9	24,29	5212f249f9e24513ff0d2e48879b008f4f8c92a54db1f704ce21ad345a6b0877
C77partition	11	3	HO	3,3,3,4	8,6,6,8	15,35	4da7e355c86eb640bd58badb48d689858de8d156a6a8cf2b092f74b774afaffa
C77partition	11	3	AB	3,3,3,4	8,6,6,8	23,29	561e31a9dda988d41571e0894d4e4d7bfbc7b06f815f10cfbebda75366023eb6
C77partition	11	4	HO	4,2,2,5	7,7,7,7	15,36	80badeab6d4dd5d8e5e4af49ea1f77666db8a8fe1a8e579a8448760b01b9a6c8
C77partition	11	4	AB	4,2,2,5	7,7,7,7	22,29	971799c9ff0f653f2a9909e7bc19f0520664554dc042202b616433601b94e8f7
C77partition	11	5	HO	5,1,1,6	6,8,8,6	15,37	1335a897f1e8813c0c7c87c4d6b59e09d035ae7f0e9008295aa206b62acf5abb
C77partition	11	5	AB	5,1,1,6	6,8,8,6	21,29	2e984a0d52cf4cd838ab516e5241cb141a71c38a7f20964e74eb8bee88819c79
C77partition	11	6	HO	6,0,0,7	5,9,9,5	15,38	6a49a95936b525ffe0557a3da0ee5c4c504967098d8dde2cc5441c55092f9ed6
C77partition	11	6	AB	6,0,0,7	5,9,9,5	20,29	bef74adcd76f5eaba9c436a3908498254a0cdb972a5a4571ae6f5aaf79aac283
C77partition	12	0	HO	0,6,6,1	12,2,2,12	15,31	9933ae633284b3371e1b32ddf73d7958dab60757d909f21d8610cbf5603e1cd9
C77partition	12	0	AB	0,6,6,1	12,2,2,12	27,29	aef837a5271b1c10d61e2f6c958b061af68e93dde41afd4b82c8138906b85435
C77partition	12	1	HO	1,5,5,2	11,3,3,11	15,32	ed5ccf0215635d17e7caee632af866716314f2eef447cd5a4630bd26c6d28225
C77partition	12	1	AB	1,5,5,2	11,3,3,11	26,29	662d5c2b5145a2fd6bd825ebdad2ec06e390dc125cb082a996844d71b491f2b3
C77partition	12	2	HO	2,4,4,3	10,4,4,10	15,33	79951b6ecc7e26cbef2d21a8967f37d92ba2e45efbd5c59f205f459096baa5dc
C77partition	12	2	AB	2,4,4,3	10,4,4,10	25,29	5711fb615d61e742074e2dca4f145bf618665ac92b69db74efc622869fae59b7
C77partition	12	3	HO	3,3,3,4	9,5,5,9	15,34	97976fab913c119710664107712a1428e6a234ff513537380c5e4374f67097eb
C77partition	12	3	AB	3,3,3,4	9,5,5,9	24,29	54e07f5c8eaf1a08fde4e48e3f67f7b1a921f2fc3444d22425dcdbf49a77271e
C77partition	12	4	HO	4,2,2,5	8,6,6,8	15,35	35356de7332f59ab42e313234336bbb42e8737a908ad9a88ff159eef089ee826
C77partition	12	4	AB	4,2,2,5	8,6,6,8	23,29	b85e30dd915e8c864c25692b79e3a524ea157209eed7992d7f42175f77706514
C77partition	12	5	HO	5,1,1,6	7,7,7,7	15,36	773daa551e28f3dfe7f4ded9a9e7ea26334965d6bca75ab88a6602405d0260dc
C77partition	12	5	AB	5,1,1,6	7,7,7,7	22,29	7e8736b0fba6f55597575cb7876a24c8a51afe9a3535a722e5401cd56d3bb5cf
C77partition	12	6	HO	6,0,0,7	6,8,8,6	15,37	79f877fe885de623e410b8a8d322cdc9caa1def842b30151f329932f8dfc6211
C77partition	12	6	AB	6,0,0,7	6,8,8,6	21,29	f8b7dc2233cee5617860a3a8e76dfa92176fada7c085faf78e883655d5049671
C77partition	13	0	HO	0,6,6,1	13,1,1,13	15,30	fd3eb74fe43816bf5a6e270ad6ff69e302e085db07bef51eed23432db268301a
C77partition	13	0	AB	0,6,6,1	13,1,1,13	28,29	407b3d0c56f117e6eab6f9943728faa30bb16f77ec2ca6499e88ebb4d528bc46
C77partition	13	1	HO	1,5,5,2	12,2,2,12	15,31	4d01465edbd8ba1d50f7faf23aa2eb9b428a049c0abee4f4e2073978a951bfa3
C77partition	13	1	AB	1,5,5,2	12,2,2,12	27,29	9dc62661f3bd56fcc96aa7ee55bff1568cf9dbae1e55d085a16c2a20911a30bc
C77partition	13	2	HO	2,4,4,3	11,3,3,11	15,32	b28589e65509c6ce10c908ea79dc5a558e6afa67e9927d6bdbd915826e8fe1c5
C77partition	13	2	AB	2,4,4,3	11,3,3,11	26,29	993b78e9c63a55cb057408a11789c7d07505976c4dd295cca511bcfb9733777d
C77partition	13	3	HO	3,3,3,4	10,4,4,10	15,33	81763225b36ff2db9f4dcc9e60a0351bb6dc5f08445c9518254a98230014d284
C77partition	13	3	AB	3,3,3,4	10,4,4,10	25,29	00dc63915a5f2ce9d741150a54782fa14b764786a182d03c67d3996375f469de
C77partition	13	4	HO	4,2,2,5	9,5,5,9	15,34	19c9ae77039863134672d2fc867c920ac4b8db172e15ce3dc99a97fad5be5b9f
C77partition	13	4	AB	4,2,2,5	9,5,5,9	24,29	a4666f0f5f257e748edfce04f056026b682d50ee2d01f15b752074e2f12f3597
C77partition	13	5	HO	5,1,1,6	8,6,6,8	15,35	f3117d9a21a30294b137d2810bb5c239c27bba932b469f0f3031fda07e1c20de
C77partition	13	5	AB	5,1,1,6	8,6,6,8	23,29	be5d4b782f100b8bee241f6b211eb163299bc20f4958a50c05baddb86f756f9b
C77partition	13	6	HO	6,0,0,7	7,7,7,7	15,36	54ece4dd3a09de5c2a164c8d0d18571aa1215d73e863579bb75dd455d7883c5f
C77partition	13	6	AB	6,0,0,7	7,7,7,7	22,29	7a67a417688b3e3f10cd9cf0ee8d97125e9d14f8f6bcff3d9fa81ba43df4b148
