"c","s","k","p","e_both_red","e_anchor_only","e_partner_only","e_both_blue","c_both_red","c_anchor_only","c_partner_only","c_both_blue","orbit_size","unit_sha256"
"9","0","0","0","0","6","6","1","9","5","5","9","28056028","c5b7e8ea710af33b0361fb1123aaea094d85ee86d93183045aa1d67934071193"
"9","0","1","1","1","5","5","2","8","6","6","8","946890945","8d48b37aaa5f6228b4a983af302ce125b6f4c373e9170914135e7fd0ffd83910"
"9","0","2","2","2","4","4","3","7","7","7","7","4122518400","fef46d649d4c12fb3eaa6a805e4ef9ca94bb4d5eec8d3c5fc4211e612f75ce75"
"9","0","3","3","3","3","3","4","6","8","8","6","3156303150","152da0cd0b36ebd28ab93e1737c18c3a5a8c9bf803e3d067bca83c1b8456ed22"
"9","0","4","4","4","2","2","5","5","9","9","5","420840420","b3c926f7bb247a56def151b1b1fa5cad6cd7f8ead2ef1d177bcc51cb03e76b33"
"9","0","5","5","5","1","1","6","4","10","10","4","7014007","6ace66f9726ccf207e78c8865915a2fc05516a7ea4c38079a1df9d3214cc8943"
"9","1","0","1","1","5","5","2","8","6","6","8","189378189","996f6a9b34ec6910c8db12df42e273052a442ab8faf69c42aac980943b8e9070"
"9","1","1","2","2","4","4","3","7","7","7","7","2061259200","c0cb1a07896cdf828c346c6c2bab34356939391b4b3a2952551eb08913c90b75"
"9","1","2","3","3","3","3","4","6","8","8","6","3156303150","85d096f7e3fa52fc2fe80d2101d6b675e5ad3916a140b621554fc328a5077ad2"
"9","1","3","4","4","2","2","5","5","9","9","5","841680840","c89a232ec5f68c2fb0cfeebb47d8e1f13df84ee601b333dec29e8e4384129661"
"9","1","4","5","5","1","1","6","4","10","10","4","35070035","cd7fd65f3be1c1d374cfe5054b1a621241afdc28bc87a59636b335f8ef67a058"
"9","1","5","6","6","0","0","7","3","11","11","3","132496","77d3b0a9841a9664161744aa9a9e3473ad14864cebbbace158dccd3d4c4ac597"
"10","0","0","0","0","6","6","1","10","4","4","10","7014007","e022326b4ae4d628a5df649cee4370ebadd838075868aa5e280195c5a287cca4"
"10","0","1","1","1","5","5","2","9","5","5","9","420840420","a4b0b12cc2658c160c0f49a105de5855d2f52289c713b0c7f83941772b746c56"
"10","0","2","2","2","4","4","3","8","6","6","8","3156303150","85b5469f21bd0c484409d2eb9f327ecc03381d704185f0dd49fa7f28b4a3c8c4"
"10","0","3","3","3","3","3","4","7","7","7","7","4122518400","5ce80356ef91cb568a7168705c6b2ca554a5c1460957cda93905654ab19a532a"
"10","0","4","4","4","2","2","5","6","8","8","6","946890945","aee6a02af92233e6c6fe6df4bd9b71f5d3bfa465f869d86e6546e6606ce5d526"
"10","0","5","5","5","1","1","6","5","9","9","5","28056028","345b551c9165add6355682b499ec93fb2252af7e88d836754823cf5b1c858582"
"10","1","0","1","1","5","5","2","9","5","5","9","84168084","0c997cdb939bbd115cf5c2b928d0afada6b2c90127701186d045ff58d4d46fed"
"10","1","1","2","2","4","4","3","8","6","6","8","1578151575","498d9ff04e5d5cbf103b49ed3f08dd6fa52d966941bc4b49b7e1d59ad5243b79"
"10","1","2","3","3","3","3","4","7","7","7","7","4122518400","53ea96ce33154382776fac2404226d3c74208ddc3fc2342fb38363e98b17cbb4"
"10","1","3","4","4","2","2","5","6","8","8","6","1893781890","260e5d9ad749f3f479352bbac9c0462b61e778969ee813dea1af2d6c89a9f6c2"
"10","1","4","5","5","1","1","6","5","9","9","5","140280140","9eca28f26bbc4d08f454cc3a3567cd332b89c7aa262e89a01873c5bb7a19f6af"
"10","1","5","6","6","0","0","7","4","10","10","4","1002001","48c60c7fdce187350df8aac70ec63d3bd163cefe815dee2e23fc8c7772c49ce4"
"11","0","0","0","0","6","6","1","11","3","3","11","927472","a178fca2cc5ee06ddffbff8d017fc425dd8962a4956f1f9d0026c3b93f3e15e1"
"11","0","1","1","1","5","5","2","10","4","4","10","105210105","8f3d1c052728952bfac26c23010585a8d3eaa2d16fc0298c194a013a52209e14"
"11","0","2","2","2","4","4","3","9","5","5","9","1402801400","daa3399951b5d50b76162206c2bed74c4ac92ef7f77ffa3a434774fb859916c2"
"11","0","3","3","3","3","3","4","8","6","6","8","3156303150","e970053bfe8f4939f9b0a81a6f1348da9322e990bec17eaed08dcb9d44b36c3c"
"11","0","4","4","4","2","2","5","7","7","7","7","1236755520","3c23b0bf31e47500a99797d386b7c8b8c1b057ae044c6bb90f9b5fb4de48a6b3"
"11","0","5","5","5","1","1","6","6","8","8","6","63126063","c4eed129c36c9ed9c2e01f78a40eae9f97492f5f58b05bdd86051806c466125f"
"11","1","0","1","1","5","5","2","10","4","4","10","21042021","380393a8ed39323ecfcb456f2b42f2aebc02304cee11a1d4bb4a09711ff99544"
"11","1","1","2","2","4","4","3","9","5","5","9","701400700","85ff744f43853687695d6c3e7abb95c7dd1533cbfaffeafb5756ae993c8b9ef0"
"11","1","2","3","3","3","3","4","8","6","6","8","3156303150","ceeabc97c56c8078773d7e2726f57eb4460b784643c83ca6f457cea91020a586"
"11","1","3","4","4","2","2","5","7","7","7","7","2473511040","2eb0512e127d89cbe4e018b51611cd6f34782860738dbccfe4e3ca60c9e8f97e"
"11","1","4","5","5","1","1","6","6","8","8","6","315630315","ce10a6987bfb881ac3c711e1c984d81a7cbecbc1b3a544b7050dce346485a235"
"11","1","5","6","6","0","0","7","5","9","9","5","4008004","a9ebaf80c298bcc8cbad1fc3a90493871d7b6de36f4e7b13c62d37225fd0bcd8"
"12","0","0","0","0","6","6","1","12","2","2","12","57967","7e868741f61a8bb9aaab03402ec381231d381243bd2e5cb207d36f2bf7eea7e0"
"12","0","1","1","1","5","5","2","11","3","3","11","13912080","d60b9f4a5cae3df050982bd8b514ae588f3cb3f674888b2c4c648a9461efb3f9"
"12","0","2","2","2","4","4","3","10","4","4","10","350700350","e25a8609b7cf5475ccecb5bb2b7360f2d8a9e948e5a514f8f8affe8aa8a6e378"
"12","0","3","3","3","3","3","4","9","5","5","9","1402801400","6267c51d6db874f3daac0693957c99f833f85b5bddd63d1a21d49e7d25159a39"
"12","0","4","4","4","2","2","5","8","6","6","8","946890945","5aad0df1f798c66280e08b9365b598b806ce1469ee8e215eade24e5628bc1b9f"
"12","0","5","5","5","1","1","6","7","7","7","7","82450368","0189192f4dbbf9caa230a969ebf12ca7284aae474f9e2dd3064a1e54c81a6a88"
"12","1","0","1","1","5","5","2","11","3","3","11","2782416","9d40c073652da8a51ad4ceaca2aebf9a2578f82f6011c85c382e7af46e753c0d"
"12","1","1","2","2","4","4","3","10","4","4","10","175350175","72edffd0bfb27e43a64568719550f70784a26d978f596ee9d2a626b093802ea0"
"12","1","2","3","3","3","3","4","9","5","5","9","1402801400","e1ccade07af59a43863a7c42b3ce74ee53e7abd6e2f7392fff5693b05ab1e3bd"
"12","1","3","4","4","2","2","5","8","6","6","8","1893781890","19b3d94ed35997d74f4cad9fecb6fbc046a5c3f359a264d8168a6441e2f3215c"
"12","1","4","5","5","1","1","6","7","7","7","7","412251840","1b2df425eba09a50d639e63f6e42e4321f6f87b3aeb52abd04879a4dfba320f7"
"12","1","5","6","6","0","0","7","6","8","8","6","9018009","15f45107281d0016d58bdd5149635a4b50fe38aa1a217bd273f986f65ada3803"
"13","0","0","0","0","6","6","1","13","1","1","13","1372","bf578b6e79c93c40bfcc5798d1d3c90348b7f06388cae40f249bf1b41eeb99ac"
"13","0","1","1","1","5","5","2","12","2","2","12","869505","60a59c596fc174d0191fa3268b1f2c94cf6d7202692d04cb5c4f58b986970561"
"13","0","2","2","2","4","4","3","11","3","3","11","46373600","ca774ec2e3cee8a0a8e79d2ac67d9c1d73549b1ce09581ff23f87ba51dd5579f"
"13","0","3","3","3","3","3","4","10","4","4","10","350700350","7750ca4f3ad8865602f3b8873daa235d5673e6bb6f289957de83a2d515e5d909"
"13","0","4","4","4","2","2","5","9","5","5","9","420840420","e5a5015fbea66034ce5dfe2e74534541e5b93b52d7a6e78b36a8fc59c1615139"
"13","0","5","5","5","1","1","6","8","6","6","8","63126063","9dd0052549dcdbb36a28e80b6a2ecbee807195bef8627a7b46da689fde917b6c"
"13","1","0","1","1","5","5","2","12","2","2","12","173901","eb706f7ac7bcb0a8ea7d86eb93c2ec9090d1c358b7edc789505362bbfb1d2c52"
"13","1","1","2","2","4","4","3","11","3","3","11","23186800","14eaaee10d05a813d8b6fb219681666444442d604501bc240c2f5660205383f9"
"13","1","2","3","3","3","3","4","10","4","4","10","350700350","0cafc3354031dbe5813b180f46b4bfc76318515c8d615166effde13e4c856c5a"
"13","1","3","4","4","2","2","5","9","5","5","9","841680840","628e942bc7ecb97b6d63301611c6deb799b73e82e6ffa152f055fe7f36d604bc"
"13","1","4","5","5","1","1","6","8","6","6","8","315630315","25560c1c054d4a5b3c7621087fc634315fdee22bc662ece7744d793a5f80e6bc"
"13","1","5","6","6","0","0","7","7","7","7","7","11778624","a5ba2131ab29d8895abe3e56ef9f043084b23e859f55b93d8fe8b341e5976fc6"
